web-scraper-order,web-scraper-start-url,brand,title,price,img-src
1746536426-1,"https://www.morele.net/kategoria/procesory-45/,,,,,,,,0,,,,/9/",Intel, Core i7-13700T,"2 185,32 zł",https://images.morele.net/i500/13112512_0_i500.jpg
1746536426-2,"https://www.morele.net/kategoria/procesory-45/,,,,,,,,0,,,,/9/",Intel, Core i9-14900,"2 598,74 zł",https://images.morele.net/i500/13155877_0_i500.jpg
1746536426-3,"https://www.morele.net/kategoria/procesory-45/,,,,,,,,0,,,,/9/",Intel, Core i9-10900X,"2 705,50 zł",https://images.morele.net/i500/6551008_0_i500.jpg
1746536426-4,"https://www.morele.net/kategoria/procesory-45/,,,,,,,,0,,,,/9/",Intel, Core i9-14900T,"2 731,37 zł",https://images.morele.net/i500/13172926_0_i500.jpg
1746536426-5,"https://www.morele.net/kategoria/procesory-45/,,,,,,,,0,,,,/9/",Intel, Core i9-13900,"2 758,09 zł",https://images.morele.net/i500/13112514_0_i500.jpg
1746536426-6,"https://www.morele.net/kategoria/procesory-45/,,,,,,,,0,,,,/9/",AMD,Ryzen 7 PRO 7745 AM5 65W 8C/16T 5.3GHz MPK,"2 809,97 zł",https://images.morele.net/i500/14828191_0_i500.jpg
1746536426-7,"https://www.morele.net/kategoria/procesory-45/,,,,,,,,0,,,,/9/",Intel, Core i9-14900T,"2 893,87 zł",https://images.morele.net/i500/13847746_1_i500.jpg
1746536426-8,"https://www.morele.net/kategoria/procesory-45/,,,,,,,,0,,,,/9/",Intel,Core Ultra 9 285 procesor 36 MB Smart Cache,"2 914,96 zł",
1746536426-9,"https://www.morele.net/kategoria/procesory-45/,,,,,,,,0,,,,/9/",Intel, Core i9-13900T,"3 281,18 zł",https://images.morele.net/i500/13133434_0_i500.jpg
1746536426-10,"https://www.morele.net/kategoria/procesory-45/,,,,,,,,0,,,,/9/",AMD, Ryzen 9 7950X,"3 353,99 zł",https://images.morele.net/i500/13127996_0_i500.jpg
1746536426-11,"https://www.morele.net/kategoria/procesory-45/,,,,,,,,0,,,,/9/",AMD, Ryzen Threadripper 7960X,"7 189,10 zł",https://images.morele.net/i500/13145947_0_i500.jpg
1746536426-12,"https://www.morele.net/kategoria/procesory-45/,,,,,,,,0,,,,/9/",AMD, Ryzen Threadripper Pro 5975WX,"7 823,97 zł",https://images.morele.net/i500/11092654_1_i500.jpg
1746536426-13,"https://www.morele.net/kategoria/procesory-45/,,,,,,,,0,,,,/9/",AMD, Ryzen Threadripper 7970X,"11 634,37 zł",https://images.morele.net/i500/13145978_2_i500.jpg
1746536426-14,"https://www.morele.net/kategoria/procesory-45/,,,,,,,,0,,,,/9/",AMD, Ryzen Threadripper Pro 7965WX,"12 228,94 zł",https://images.morele.net/i500/13145951_11_i500.jpg
1746536426-15,"https://www.morele.net/kategoria/procesory-45/,,,,,,,,0,,,,/9/",AMD, Ryzen Threadripper Pro 7975WX,"18 020,74 zł",https://images.morele.net/i500/13145953_1_i500.jpg
1746536426-16,"https://www.morele.net/kategoria/procesory-45/,,,,,,,,0,,,,/9/",AMD, Ryzen Threadripper 7980X,"21 574,04 zł",https://images.morele.net/i500/13145979_2_i500.jpg
1746536426-17,"https://www.morele.net/kategoria/procesory-45/,,,,,,,,0,,,,/9/",AMD, Ryzen Threadripper Pro 5995WX,"24 518,29 zł",https://images.morele.net/i500/11811238_1_i500.jpg
1746536426-18,"https://www.morele.net/kategoria/procesory-45/,,,,,,,,0,,,,/9/",AMD, Ryzen Threadripper Pro 7985WX,"34 625,32 zł",https://images.morele.net/i500/13178709_0_i500.jpg
1746536426-19,"https://www.morele.net/kategoria/procesory-45/,,,,,,,,0,,,,/9/",AMD, Ryzen Threadripper Pro 7995WX,"46 451,93 zł",https://images.morele.net/i500/13180348_0_i500.jpg
1746536428-20,"https://www.morele.net/kategoria/procesory-45/,,,,,,,,0,,,,/8/",AMD, Ryzen 3 Pro 8300G,"1 213,40 zł",https://images.morele.net/i500/13465454_0_i500.jpg
1746536428-21,"https://www.morele.net/kategoria/procesory-45/,,,,,,,,0,,,,/8/",AMD, Ryzen 9 5900XT,"1 277,64 zł",https://images.morele.net/i500/13331766_0_i500.jpg
1746536428-22,"https://www.morele.net/kategoria/procesory-45/,,,,,,,,0,,,,/8/",Intel, Core i5-10500T,"1 306,60 zł",https://images.morele.net/i500/6755127_0_i500.jpg
1746536428-23,"https://www.morele.net/kategoria/procesory-45/,,,,,,,,0,,,,/8/",Intel, Core i5-14600T,"1 313,44 zł",https://images.morele.net/i500/13172928_0_i500.jpg
1746536428-24,"https://www.morele.net/kategoria/procesory-45/,,,,,,,,0,,,,/8/",AMD, Ryzen 5 Pro 8500G,"1 329,63 zł",https://images.morele.net/i500/13465463_0_i500.jpg
1746536428-25,"https://www.morele.net/kategoria/procesory-45/,,,,,,,,0,,,,/8/",Intel, Core Ultra 5 245,"1 369,42 zł",https://images.morele.net/i500/14508099_1_i500.jpg
1746536428-26,"https://www.morele.net/kategoria/procesory-45/,,,,,,,,0,,,,/8/",Intel, Core i7-9700,"1 412,90 zł",https://images.morele.net/i500/6051315_2_i500.jpg
1746536428-27,"https://www.morele.net/kategoria/procesory-45/,,,,,,,,0,,,,/8/",Intel,® Core™ I7-14700F (33M Cache,"1 414,41 zł",https://images.morele.net/i500/14910440_0_i500.jpg
1746536428-28,"https://www.morele.net/kategoria/procesory-45/,,,,,,,,0,,,,/8/",AMD, Ryzen 7 Pro 3700,"1 446,98 zł",https://images.morele.net/i500/9010121_0_i500.jpg
1746536428-29,"https://www.morele.net/kategoria/procesory-45/,,,,,,,,0,,,,/8/",Intel,INTEL Core Ultra 7 265F 2.4GHz LGA1851 30M Cache Box CPU,"1 457,73 zł",https://images.morele.net/i500/14689619_1_i500.jpg
1746536428-30,"https://www.morele.net/kategoria/procesory-45/,,,,,,,,0,,,,/8/",Intel, Core i5-9500TE,"1 525,79 zł",https://images.morele.net/i500/13133448_0_i500.jpg
1746536428-31,"https://www.morele.net/kategoria/procesory-45/,,,,,,,,0,,,,/8/",Intel,INTEL Core Ultra 7 265 2.4GHz LGA1851 30M Cache Box CPU,"1 544,99 zł",
1746536428-32,"https://www.morele.net/kategoria/procesory-45/,,,,,,,,0,,,,/8/",AMD, Ryzen 7 5700X,"1 595,09 zł",https://images.morele.net/i500/13189445_0_i500.jpg
1746536428-33,"https://www.morele.net/kategoria/procesory-45/,,,,,,,,0,,,,/8/",Intel,CPU CORE U7-265KF S1851 BOX/3.3G BX80768265KF S RQCU IN,"1 598,98 zł",https://images.morele.net/i500/14844523_0_i500.jpg
1746536428-34,"https://www.morele.net/kategoria/procesory-45/,,,,,,,,0,,,,/8/",Intel, Core i7-11700T,"1 625,99 zł",https://images.morele.net/i500/10476250_0_i500.jpg
1746536428-35,"https://www.morele.net/kategoria/procesory-45/,,,,,,,,0,,,,/8/",Intel,CPU CORE U7-265K S1851 BOX/3.9G BX80768265K S RQCW IN,"1 640,77 zł",
1746536428-36,"https://www.morele.net/kategoria/procesory-45/,,,,,,,,0,,,,/8/",AMD, Ryzen 9 5900X,"1 642,59 zł",https://images.morele.net/i500/12984664_1_i500.jpg
1746536428-37,"https://www.morele.net/kategoria/procesory-45/,,,,,,,,0,,,,/8/",Intel,INTEL Xeon E2324G 3.1GHz FC-LGA14A 8M Cache Boxed CPU,"1 687,23 zł",https://images.morele.net/i500/14896795_0_i500.jpg
1746536428-38,"https://www.morele.net/kategoria/procesory-45/,,,,,,,,0,,,,/8/",Intel, Core i9-12900F,"1 733,37 zł",https://images.morele.net/i500/9658362_0_i500.jpg
1746536428-39,"https://www.morele.net/kategoria/procesory-45/,,,,,,,,0,,,,/8/",AMD, Ryzen 5 9600,"1 735,17 zł",https://images.morele.net/i500/14729910_1_i500.jpg
1746536428-40,"https://www.morele.net/kategoria/procesory-45/,,,,,,,,0,,,,/8/",Intel, Core i7-12700T,"1 741,99 zł",https://images.morele.net/i500/9658379_0_i500.jpg
1746536428-41,"https://www.morele.net/kategoria/procesory-45/,,,,,,,,0,,,,/8/",Intel,Core Ultra 7 265 procesor 30 MB Smart Cache,"1 764,42 zł",
1746536428-42,"https://www.morele.net/kategoria/procesory-45/,,,,,,,,0,,,,/8/",AMD, Ryzen 9 Pro 7945,"1 864,48 zł",https://images.morele.net/i500/12938747_0_i500.jpg
1746536428-43,"https://www.morele.net/kategoria/procesory-45/,,,,,,,,0,,,,/8/",Intel, Core i9-12900,"1 869,54 zł",https://images.morele.net/i500/9993417_0_i500.jpg
1746536428-44,"https://www.morele.net/kategoria/procesory-45/,,,,,,,,0,,,,/8/",Intel, Core i7-13700KF,"1 887,57 zł",https://images.morele.net/i500/13112511_0_i500.jpg
1746536428-45,"https://www.morele.net/kategoria/procesory-45/,,,,,,,,0,,,,/8/",AMD, Ryzen 5 Pro 8600G,"1 910,96 zł",https://images.morele.net/i500/13465452_0_i500.jpg
1746536428-46,"https://www.morele.net/kategoria/procesory-45/,,,,,,,,0,,,,/8/",Intel, Core i7-14700T,"1 920,46 zł",https://images.morele.net/i500/13172931_0_i500.jpg
1746536428-47,"https://www.morele.net/kategoria/procesory-45/,,,,,,,,0,,,,/8/",Intel, Core i9-13900F,"2 004,69 zł",https://images.morele.net/i500/13112523_0_i500.jpg
1746536428-48,"https://www.morele.net/kategoria/procesory-45/,,,,,,,,0,,,,/8/",AMD, Ryzen 7 Pro 5750GE,"2 006,50 zł",https://images.morele.net/i500/8536085_2_i500.jpg
1746536428-49,"https://www.morele.net/kategoria/procesory-45/,,,,,,,,0,,,,/8/",AMD, Ryzen 7 Pro 8700G,"2 006,50 zł",https://images.morele.net/i500/13465449_2_i500.jpg
1746536432-50,"https://www.morele.net/kategoria/procesory-45/,,,,,,,,0,,,,/7/",Intel,Core I3-12100T Processor 12,"613,28 zł",https://images.morele.net/i500/14828070_0_i500.jpg
1746536432-51,"https://www.morele.net/kategoria/procesory-45/,,,,,,,,0,,,,/7/",Intel, Core i5-14400F,"619,62 zł",https://images.morele.net/i500/13191020_1_i500.jpg
1746536432-52,"https://www.morele.net/kategoria/procesory-45/,,,,,,,,0,,,,/7/",AMD,Ryzen 5 PRO 5655G procesor 3,"634,64 zł",https://images.morele.net/i500/14523957_0_i500.jpg
1746536432-53,"https://www.morele.net/kategoria/procesory-45/,,,,,,,,0,,,,/7/",Intel, Core i3-12100T,"655,84 zł",https://images.morele.net/i500/9658408_0_i500.jpg
1746536432-54,"https://www.morele.net/kategoria/procesory-45/,,,,,,,,0,,,,/7/",Intel,Core i3-14100T procesor 12 MB Smart Cache,"677,59 zł",https://images.morele.net/i500/14828174_0_i500.jpg
1746536432-55,"https://www.morele.net/kategoria/procesory-45/,,,,,,,,0,,,,/7/",Intel, Core i3-12100E,"692,96 zł",https://images.morele.net/i500/13112497_0_i500.jpg
1746536432-56,"https://www.morele.net/kategoria/procesory-45/,,,,,,,,0,,,,/7/",AMD, Ryzen Threadripper Pro 3945WX,"693,93 zł",https://images.morele.net/i500/13245590_0_i500.jpg
1746536432-57,"https://www.morele.net/kategoria/procesory-45/,,,,,,,,0,,,,/7/",Intel, Core i3-13100T,"721,85 zł",https://images.morele.net/i500/13112499_0_i500.jpg
1746536432-58,"https://www.morele.net/kategoria/procesory-45/,,,,,,,,0,,,,/7/",Intel, Core i3-8100T,"724,47 zł",https://images.morele.net/i500/4055104_0_i500.jpg
1746536432-59,"https://www.morele.net/kategoria/procesory-45/,,,,,,,,0,,,,/7/",Intel, Core i5-13400F,728 zł,https://images.morele.net/i500/9078610_0_i500.jpg
1746536432-60,"https://www.morele.net/kategoria/procesory-45/,,,,,,,,0,,,,/7/",Intel, Core i5-14400,"737,54 zł",https://images.morele.net/i500/13191038_1_i500.jpg
1746536432-61,"https://www.morele.net/kategoria/procesory-45/,,,,,,,,0,,,,/7/",Intel, Core i5-14400T,"747,67 zł",https://images.morele.net/i500/13172929_0_i500.jpg
1746536432-62,"https://www.morele.net/kategoria/procesory-45/,,,,,,,,0,,,,/7/",Intel, Core i3-12300T,"812,19 zł",https://images.morele.net/i500/9658407_0_i500.jpg
1746536432-63,"https://www.morele.net/kategoria/procesory-45/,,,,,,,,0,,,,/7/",Intel,S1700 CORE i5 14400T TRAY GEN14,"813,74 zł",https://images.morele.net/i500/14906940_0_i500.jpg
1746536432-64,"https://www.morele.net/kategoria/procesory-45/,,,,,,,,0,,,,/7/",AMD,Ryzen 7 PRO 5755G procesor 3,"917,53 zł",https://images.morele.net/i500/14729283_0_i500.jpg
1746536432-65,"https://www.morele.net/kategoria/procesory-45/,,,,,,,,0,,,,/7/",AMD, Ryzen 5 Pro 7645,"947,42 zł",https://images.morele.net/i500/13113206_0_i500.jpg
1746536432-66,"https://www.morele.net/kategoria/procesory-45/,,,,,,,,0,,,,/7/",AMD, Ryzen 3 Pro 8300G,"950,99 zł",https://images.morele.net/i500/13903415_0_i500.jpg
1746536432-67,"https://www.morele.net/kategoria/procesory-45/,,,,,,,,0,,,,/7/",Intel, Core i5-13600K,"964,24 zł",https://images.morele.net/i500/13099603_0_i500.jpg
1746536432-68,"https://www.morele.net/kategoria/procesory-45/,,,,,,,,0,,,,/7/",Intel, Core i5-12600KF,978 zł,https://images.morele.net/i500/9078169_0_i500.jpg
1746536432-69,"https://www.morele.net/kategoria/procesory-45/,,,,,,,,0,,,,/7/",Intel, 2.7GHz,"987,12 zł",https://images.morele.net/i500/1131382_0_i500.jpg
1746536432-70,"https://www.morele.net/kategoria/procesory-45/,,,,,,,,0,,,,/7/",Intel, Core Ultra 5 225F,999 zł,https://images.morele.net/i500/14481754_1_i500.jpg
1746536432-71,"https://www.morele.net/kategoria/procesory-45/,,,,,,,,0,,,,/7/",Intel, Core i5-13500,"1 074,33 zł",https://images.morele.net/i500/13127353_0_i500.jpg
1746536432-72,"https://www.morele.net/kategoria/procesory-45/,,,,,,,,0,,,,/7/",Intel, Core i5-12500T,"1 086,53 zł",https://images.morele.net/i500/9681932_0_i500.jpg
1746536432-73,"https://www.morele.net/kategoria/procesory-45/,,,,,,,,0,,,,/7/",AMD,Ryzen 5 9600 5.2GHz AM5 6C/12T 65W 38MB Processor with Wraith Stealth Cooler MPK,"1 099,15 zł",
1746536432-74,"https://www.morele.net/kategoria/procesory-45/,,,,,,,,0,,,,/7/",AMD, Ryzen 5 9600,"1 110,60 zł",
1746536432-75,"https://www.morele.net/kategoria/procesory-45/,,,,,,,,0,,,,/7/",Intel, Core i5-12400T,"1 113,15 zł",https://images.morele.net/i500/9800000_0_i500.jpg
1746536432-76,"https://www.morele.net/kategoria/procesory-45/,,,,,,,,0,,,,/7/",Intel, Core i5-9500T,"1 155,57 zł",https://images.morele.net/i500/6059717_1_i500.jpg
1746536432-77,"https://www.morele.net/kategoria/procesory-45/,,,,,,,,0,,,,/7/",Intel, Core i5-13500T,"1 160,43 zł",https://images.morele.net/i500/13112507_0_i500.jpg
1746536432-78,"https://www.morele.net/kategoria/procesory-45/,,,,,,,,0,,,,/7/",Intel, Core Ultra 5 225,"1 160,72 zł",https://images.morele.net/i500/14481753_1_i500.jpg
1746536432-79,"https://www.morele.net/kategoria/procesory-45/,,,,,,,,0,,,,/7/",Intel, Core i5-14500T,"1 163,94 zł",https://images.morele.net/i500/13172930_0_i500.jpg
1746536435-80,"https://www.morele.net/kategoria/procesory-45/,,,,,,,,0,,,,/6/",Intel, Core i3-14100T,"660,46 zł",https://images.morele.net/i500/13172927_0_i500.jpg
1746536435-81,"https://www.morele.net/kategoria/procesory-45/,,,,,,,,0,,,,/6/",AMD, Ryzen 7 5800XT,"789,41 zł",https://images.morele.net/i500/13331770_0_i500.jpg
1746536435-82,"https://www.morele.net/kategoria/procesory-45/,,,,,,,,0,,,,/6/",Intel, Core i5-9500F,"811,98 zł",https://images.morele.net/i500/6051312_2_i500.jpg
1746536435-83,"https://www.morele.net/kategoria/procesory-45/,,,,,,,,0,,,,/6/",AMD, Ryzen 7 1800X,"860,84 zł",https://images.morele.net/i500/9417705_1_i500.jpg
1746536435-84,"https://www.morele.net/kategoria/procesory-45/,,,,,,,,0,,,,/6/",Intel, Core i5-12600KF,"931,88 zł",https://images.morele.net/i500/9078239_0_i500.jpg
1746536435-85,"https://www.morele.net/kategoria/procesory-45/,,,,,,,,0,,,,/6/",Intel, Core Ultra 5 235,1 198 zł,https://images.morele.net/i500/14481755_1_i500.jpg
1746536435-86,"https://www.morele.net/kategoria/procesory-45/,,,,,,,,0,,,,/6/",Intel, Core i5-13600,"1 286,97 zł",https://images.morele.net/i500/13112519_0_i500.jpg
1746536435-87,"https://www.morele.net/kategoria/procesory-45/,,,,,,,,0,,,,/6/",Intel, Core i5-13600T,"1 313,44 zł",https://images.morele.net/i500/13112508_0_i500.jpg
1746536435-88,"https://www.morele.net/kategoria/procesory-45/,,,,,,,,0,,,,/6/",AMD, Ryzen 7 Pro 4750G,"1 642,30 zł",https://images.morele.net/i500/9241021_0_i500.jpg
1746536435-89,"https://www.morele.net/kategoria/procesory-45/,,,,,,,,0,,,,/6/",AMD, Ryzen 5 7600X3D,"1 683,99 zł",https://images.morele.net/i500/14627687_1_i500.jpg
1746536435-90,"https://www.morele.net/kategoria/procesory-45/,,,,,,,,0,,,,/6/",Intel,INTEL Core Ultra 9 285 2.5GHZ LGA1851 36M Cache Box CPU,"2 497,17 zł",
1746536435-91,"https://www.morele.net/kategoria/procesory-45/,,,,,,,,0,,,,/6/",AMD, Ryzen 9 9900X3D,2 749 zł,https://images.morele.net/i500/14744282_0_i500.jpg
1746536435-92,"https://www.morele.net/kategoria/procesory-45/,,,,,,,,0,,,,/6/",Intel, Celeron G3900,"5 211,28 zł",https://images.morele.net/i500/10616332_2_i500.jpg
1746536435-93,"https://www.morele.net/kategoria/procesory-45/,,,,,,,,0,,,,/6/",AMD, Ryzen Threadripper Pro 5965WX,"5 537,80 zł",https://images.morele.net/i500/11092655_4_i500.jpg
1746536435-94,"https://www.morele.net/kategoria/procesory-45/,,,,,,,,0,,,,/6/",AMD, Athlon 3000G,"97,22 zł",https://images.morele.net/i500/14176812_0_i500.jpg
1746536435-95,"https://www.morele.net/kategoria/procesory-45/,,,,,,,,0,,,,/6/",AMD, Ryzen 5 3500,"170,38 zł",https://images.morele.net/i500/10484464_0_i500.jpg
1746536435-96,"https://www.morele.net/kategoria/procesory-45/,,,,,,,,0,,,,/6/",Intel, Celeron G1820,"171,47 zł",https://images.morele.net/i500/4092216_1_i500.jpg
1746536435-97,"https://www.morele.net/kategoria/procesory-45/,,,,,,,,0,,,,/6/",Intel, Celeron G1850,"211,96 zł",https://images.morele.net/i500/936943_2_i500.jpg
1746536435-98,"https://www.morele.net/kategoria/procesory-45/,,,,,,,,0,,,,/6/",AMD, Ryzen 3 3200G,"312,08 zł",https://images.morele.net/i500/13189447_0_i500.jpg
1746536435-99,"https://www.morele.net/kategoria/procesory-45/,,,,,,,,0,,,,/6/",Intel, Celeron G5920,321 zł,https://images.morele.net/i500/6869168_0_i500.jpg
1746536435-100,"https://www.morele.net/kategoria/procesory-45/,,,,,,,,0,,,,/6/",Intel, Core i3-6100TE,"364,93 zł",https://images.morele.net/i500/14439240_0_i500.jpg
1746536435-101,"https://www.morele.net/kategoria/procesory-45/,,,,,,,,0,,,,/6/",Intel, 300,"464,76 zł",https://images.morele.net/i500/13155887_0_i500.jpg
1746536435-102,"https://www.morele.net/kategoria/procesory-45/,,,,,,,,0,,,,/6/",AMD, Ryzen 3 Pro 4350G,"467,70 zł",https://images.morele.net/i500/13113435_0_i500.jpg
1746536435-103,"https://www.morele.net/kategoria/procesory-45/,,,,,,,,0,,,,/6/",AMD, Ryzen 5 5600T,"478,93 zł",https://images.morele.net/i500/14253720_0_i500.jpg
1746536435-104,"https://www.morele.net/kategoria/procesory-45/,,,,,,,,0,,,,/6/",AMD, Ryzen 3 5300G,489 zł,https://images.morele.net/i500/14466637_1_i500.jpg
1746536435-105,"https://www.morele.net/kategoria/procesory-45/,,,,,,,,0,,,,/6/",Intel, Core i3-13100,"489,85 zł",https://images.morele.net/i500/13112518_1_i500.jpg
1746536435-106,"https://www.morele.net/kategoria/procesory-45/,,,,,,,,0,,,,/6/",AMD, Ryzen 3 PRO 5355G,"517,88 zł",https://images.morele.net/i500/14499238_0_i500.jpg
1746536435-107,"https://www.morele.net/kategoria/procesory-45/,,,,,,,,0,,,,/6/",AMD, Ryzen 5 5600G - TRAY,"520,06 zł",https://images.morele.net/i500/14441553_0_i500.jpg
1746536435-108,"https://www.morele.net/kategoria/procesory-45/,,,,,,,,0,,,,/6/",Intel, Core i3-14100,"530,45 zł",https://images.morele.net/i500/13172932_0_i500.jpg
1746536435-109,"https://www.morele.net/kategoria/procesory-45/,,,,,,,,0,,,,/6/",AMD, Ryzen 5 5600XT,531 zł,https://images.morele.net/i500/14181648_1_i500.jpg
1746536438-110,"https://www.morele.net/kategoria/procesory-45/,,,,,,,,0,,,,/5/",Intel, Celeron G5925,269 zł,https://images.morele.net/i500/7732040_0_i500.jpg
1746536438-111,"https://www.morele.net/kategoria/procesory-45/,,,,,,,,0,,,,/5/",Intel, Pentium G3450,415 zł,https://images.morele.net/i500/640855_1_i500.jpg
1746536438-112,"https://www.morele.net/kategoria/procesory-45/,,,,,,,,0,,,,/5/",Intel, Core Ultra 9 285K,2 570 zł,https://images.morele.net/i500/14386800_1_i500.jpg
1746536438-113,"https://www.morele.net/kategoria/procesory-45/,,,,,,,,0,,,,/5/",AMD, Ryzen 9 9950X,"2 578,90 zł",https://images.morele.net/i500/13331756_0_i500.jpg
1746536438-114,"https://www.morele.net/kategoria/procesory-45/,,,,,,,,0,,,,/5/",Intel, Core i5-13400,"682,18 zł",https://images.morele.net/i500/12486213_0_i500.jpg
1746536438-115,"https://www.morele.net/kategoria/procesory-45/,,,,,,,,0,,,,/5/",AMD, Ryzen 7 8700F,"694,25 zł",https://images.morele.net/i500/13232613_0_i500.jpg
1746536438-116,"https://www.morele.net/kategoria/procesory-45/,,,,,,,,0,,,,/5/",Intel, Core i9-10900X,"2 986,35 zł",https://images.morele.net/i500/6484472_0_i500.jpg
1746536438-117,"https://www.morele.net/kategoria/procesory-45/,,,,,,,,0,,,,/5/",Intel, Core i9-13900KS,"3 645,63 zł",https://images.morele.net/i500/12580400_1_i500.jpg
1746536438-118,"https://www.morele.net/kategoria/procesory-45/,,,,,,,,0,,,,/5/",Intel, Core i5-11400T,"1 163,17 zł",https://images.morele.net/i500/8852292_2_i500.jpg
1746536438-119,"https://www.morele.net/kategoria/procesory-45/,,,,,,,,0,,,,/5/",Intel, Core i9-13900,2 719 zł,https://images.morele.net/i500/12486211_0_i500.jpg
1746536438-120,"https://www.morele.net/kategoria/procesory-45/,,,,,,,,0,,,,/5/",Intel, Core i5-9400F,"522,01 zł",https://images.morele.net/i500/5955268_0_i500.jpg
1746536438-121,"https://www.morele.net/kategoria/procesory-45/,,,,,,,,0,,,,/5/",AMD, Ryzen 5 Pro 4650G,"1 307,50 zł",https://images.morele.net/i500/8041949_1_i500.jpg
1746536438-122,"https://www.morele.net/kategoria/procesory-45/,,,,,,,,0,,,,/5/",Intel, Core i9-10920X,"3 606,09 zł",https://images.morele.net/i500/6593035_0_i500.jpg
1746536438-123,"https://www.morele.net/kategoria/procesory-45/,,,,,,,,0,,,,/5/",Intel, Pentium G6600,"587,71 zł",https://images.morele.net/i500/7267552_1_i500.jpg
1746536438-124,"https://www.morele.net/kategoria/procesory-45/,,,,,,,,0,,,,/5/",Intel, Core i9-12900,"1 983,22 zł",https://images.morele.net/i500/9979126_0_i500.jpg
1746536438-125,"https://www.morele.net/kategoria/procesory-45/,,,,,,,,0,,,,/5/",Intel, Core i3-10320,"783,67 zł",https://images.morele.net/i500/6731009_3_i500.jpg
1746536438-126,"https://www.morele.net/kategoria/procesory-45/,,,,,,,,0,,,,/5/",Intel, Core i5-14600,"1 301,25 zł",https://images.morele.net/i500/13172912_0_i500.jpg
1746536438-127,"https://www.morele.net/kategoria/procesory-45/,,,,,,,,0,,,,/5/",AMD, Ryzen 5 Pro 5650G,"1 483,63 zł",https://images.morele.net/i500/8536087_2_i500.jpg
1746536438-128,"https://www.morele.net/kategoria/procesory-45/,,,,,,,,0,,,,/5/",AMD, Ryzen Threadripper Pro 5955WX,"5 917,99 zł",https://images.morele.net/i500/11808613_0_i500.jpg
1746536438-129,"https://www.morele.net/kategoria/procesory-45/,,,,,,,,0,,,,/5/",Intel, Core i5-13600KF,"916,99 zł",https://images.morele.net/i500/13094168_0_i500.jpg
1746536438-130,"https://www.morele.net/kategoria/procesory-45/,,,,,,,,0,,,,/5/",Intel, Core i5-12400F,628 zł,https://images.morele.net/i500/9077220_0_i500.jpg
1746536438-131,"https://www.morele.net/kategoria/procesory-45/,,,,,,,,0,,,,/5/",Intel, Core i9-10940X,"4 097,63 zł",https://images.morele.net/i500/6686135_0_i500.jpg
1746536438-132,"https://www.morele.net/kategoria/procesory-45/,,,,,,,,0,,,,/5/",Intel, Core i3-13100F,"324,99 zł",https://images.morele.net/i500/13112498_0_i500.jpg
1746536438-133,"https://www.morele.net/kategoria/procesory-45/,,,,,,,,0,,,,/5/",Intel, Pentium G7400,"408,86 zł",https://images.morele.net/i500/10011144_1_i500.jpg
1746536438-134,"https://www.morele.net/kategoria/procesory-45/,,,,,,,,0,,,,/5/",AMD, Ryzen 5 4600G,429 zł,https://images.morele.net/i500/13254422_0_i500.jpg
1746536438-135,"https://www.morele.net/kategoria/procesory-45/,,,,,,,,0,,,,/5/",Intel, Core i5-12400F,604 zł,https://images.morele.net/i500/9077219_0_i500.jpg
1746536438-136,"https://www.morele.net/kategoria/procesory-45/,,,,,,,,0,,,,/5/",AMD, Ryzen 7 5700,"611,99 zł",https://images.morele.net/i500/13172388_0_i500.jpg
1746536438-137,"https://www.morele.net/kategoria/procesory-45/,,,,,,,,0,,,,/5/",Intel, Core i5-12400F,618 zł,https://images.morele.net/i500/9077567_0_i500.jpg
1746536438-138,"https://www.morele.net/kategoria/procesory-45/,,,,,,,,0,,,,/5/",Intel, Core i5-13400F,"633,12 zł",https://images.morele.net/i500/9078605_0_i500.jpg
1746536438-139,"https://www.morele.net/kategoria/procesory-45/,,,,,,,,0,,,,/5/",Intel, Core i5-11600,"651,17 zł",https://images.morele.net/i500/8349707_0_i500.jpg
1746536442-140,"https://www.morele.net/kategoria/procesory-45/,,,,,,,,0,,,,/4/",AMD, Ryzen 3 2200G,"364,99 zł",https://images.morele.net/i500/979761_2_i500.jpg
1746536442-141,"https://www.morele.net/kategoria/procesory-45/,,,,,,,,0,,,,/4/",Intel, Core i5-10600K,"1 239,50 zł",https://images.morele.net/i500/6731004_1_i500.jpg
1746536442-142,"https://www.morele.net/kategoria/procesory-45/,,,,,,,,0,,,,/4/",Intel, Core i5-11400F,"493,89 zł",https://images.morele.net/i500/7732032_1_i500.jpg
1746536442-143,"https://www.morele.net/kategoria/procesory-45/,,,,,,,,0,,,,/4/",Intel, Core i5-12600KF,779 zł,https://images.morele.net/i500/9502212_1_i500.jpg
1746536442-144,"https://www.morele.net/kategoria/procesory-45/,,,,,,,,0,,,,/4/",AMD, Ryzen 3 3200G,"251,99 zł",https://images.morele.net/i500/5938601_0_i500.jpg
1746536442-145,"https://www.morele.net/kategoria/procesory-45/,,,,,,,,0,,,,/4/",Intel, Core i5-10600KF,"514,60 zł",https://images.morele.net/i500/6731003_1_i500.jpg
1746536442-146,"https://www.morele.net/kategoria/procesory-45/,,,,,,,,0,,,,/4/",AMD, Ryzen 9 5950X,"1 391,99 zł",https://images.morele.net/i500/7267020_0_i500.jpg
1746536442-147,"https://www.morele.net/kategoria/procesory-45/,,,,,,,,0,,,,/4/",Intel, Core i7-13700K,"1 722,25 zł",https://images.morele.net/i500/11789666_0_i500.jpg
1746536442-148,"https://www.morele.net/kategoria/procesory-45/,,,,,,,,0,,,,/4/",Intel, Core i3-4150,"562,56 zł",https://images.morele.net/i500/636602_0_i500.jpg
1746536442-149,"https://www.morele.net/kategoria/procesory-45/,,,,,,,,0,,,,/4/",AMD, Ryzen 9 7900X,"1 439,92 zł",https://images.morele.net/i500/11788489_5_i500.jpg
1746536442-150,"https://www.morele.net/kategoria/procesory-45/,,,,,,,,0,,,,/4/",AMD, Ryzen 7 9800X3D,2 349 zł,https://images.morele.net/i500/14209713_2_i500.jpg
1746536442-151,"https://www.morele.net/kategoria/procesory-45/,,,,,,,,0,,,,/4/",Intel, Pentium Gold  G5400,"338,83 zł",https://images.morele.net/i500/980259_0_i500.jpg
1746536442-152,"https://www.morele.net/kategoria/procesory-45/,,,,,,,,0,,,,/4/",Intel, Pentium G6400,342 zł,https://images.morele.net/i500/6935922_0_i500.jpg
1746536442-153,"https://www.morele.net/kategoria/procesory-45/,,,,,,,,0,,,,/4/",AMD, Athlon 3000G,"418,93 zł",https://images.morele.net/i500/5940752_0_i500.jpg
1746536442-154,"https://www.morele.net/kategoria/procesory-45/,,,,,,,,0,,,,/4/",Intel, Core i5-10600,"1 277,84 zł",https://images.morele.net/i500/6731005_1_i500.jpeg
1746536442-155,"https://www.morele.net/kategoria/procesory-45/,,,,,,,,0,,,,/4/",Intel, 3.4 GHz,"1 446,68 zł",https://images.morele.net/i500/546531_1_i500.jpg
1746536442-156,"https://www.morele.net/kategoria/procesory-45/,,,,,,,,0,,,,/4/",Intel, Core i5-14500,1 059 zł,https://images.morele.net/i500/13155880_0_i500.jpg
1746536442-157,"https://www.morele.net/kategoria/procesory-45/,,,,,,,,0,,,,/4/",Intel, Core i7-12700F,999 zł,https://images.morele.net/i500/9704858_1_i500.jpg
1746536442-158,"https://www.morele.net/kategoria/procesory-45/,,,,,,,,0,,,,/4/",Intel, Core i5-12600KF,"653,94 zł",https://images.morele.net/i500/9682844_0_i500.jpg
1746536442-159,"https://www.morele.net/kategoria/procesory-45/,,,,,,,,0,,,,/4/",Intel, Core i5-10500,1 153 zł,https://images.morele.net/i500/6731006_2_i500.jpeg
1746536442-160,"https://www.morele.net/kategoria/procesory-45/,,,,,,,,0,,,,/4/",AMD, Ryzen 7 9700X,"1 378,12 zł",https://images.morele.net/i500/13331758_0_i500.jpg
1746536442-161,"https://www.morele.net/kategoria/procesory-45/,,,,,,,,0,,,,/4/",AMD, Ryzen 5 Pro 5650G,"1 483,63 zł",https://images.morele.net/i500/8536086_2_i500.jpg
1746536442-162,"https://www.morele.net/kategoria/procesory-45/,,,,,,,,0,,,,/4/",AMD, Ryzen 9 9950X3D,3 499 zł,https://images.morele.net/i500/14743984_1_i500.jpg
1746536442-163,"https://www.morele.net/kategoria/procesory-45/,,,,,,,,0,,,,/4/",Intel, Pentium G6405,"436,99 zł",https://images.morele.net/i500/7732039_0_i500.jpg
1746536442-164,"https://www.morele.net/kategoria/procesory-45/,,,,,,,,0,,,,/4/",Intel, Core i5-12600,1 188 zł,https://images.morele.net/i500/9643265_0_i500.jpg
1746536442-165,"https://www.morele.net/kategoria/procesory-45/,,,,,,,,0,,,,/4/",Intel, Core i5-7500,"1 144,52 zł",https://images.morele.net/i500/1113145_5_i500.jpg
1746536442-166,"https://www.morele.net/kategoria/procesory-45/,,,,,,,,0,,,,/4/",Intel, Core i7-6700,"1 693,77 zł",https://images.morele.net/i500/778354_0_i500.jpg
1746536442-167,"https://www.morele.net/kategoria/procesory-45/,,,,,,,,0,,,,/4/",AMD, Ryzen 7 8700G,"1 149,68 zł",https://images.morele.net/i500/13170054_0_i500.jpg
1746536442-168,"https://www.morele.net/kategoria/procesory-45/,,,,,,,,0,,,,/4/",Intel, Core i3-8100,"501,40 zł",https://images.morele.net/i500/1637848_4_i500.jpg
1746536442-169,"https://www.morele.net/kategoria/procesory-45/,,,,,,,,0,,,,/4/",Intel, Core i3-10100F,"237,94 zł",https://images.morele.net/i500/5945832_2_i500.jpg
1746536445-170,"https://www.morele.net/kategoria/procesory-45/,,,,,,,,0,,,,/3/",AMD, Ryzen 5 7500F,"1 010,99 zł",https://images.morele.net/i500/13113439_1_i500.jpg
1746536445-171,"https://www.morele.net/kategoria/procesory-45/,,,,,,,,0,,,,/3/",AMD, Ryzen 5 5500GT,"565,52 zł",https://images.morele.net/i500/13170041_0_i500.jpg
1746536445-172,"https://www.morele.net/kategoria/procesory-45/,,,,,,,,0,,,,/3/",Intel, Core i7-13700,"1 366,79 zł",https://images.morele.net/i500/12462059_0_i500.jpg
1746536445-173,"https://www.morele.net/kategoria/procesory-45/,,,,,,,,0,,,,/3/",Intel, Core i7-14700,"1 421,95 zł",https://images.morele.net/i500/13155878_0_i500.jpg
1746536445-174,"https://www.morele.net/kategoria/procesory-45/,,,,,,,,0,,,,/3/",Intel, Core Ultra 7 265K,"1 449,52 zł",https://images.morele.net/i500/14201780_0_i500.jpg
1746536445-175,"https://www.morele.net/kategoria/procesory-45/,,,,,,,,0,,,,/3/",Intel, Core i3-13100,529 zł,https://images.morele.net/i500/12462056_1_i500.jpg
1746536445-176,"https://www.morele.net/kategoria/procesory-45/,,,,,,,,0,,,,/3/",Intel, Core i5-13400F,"595,78 zł",https://images.morele.net/i500/13112504_0_i500.jpg
1746536445-177,"https://www.morele.net/kategoria/procesory-45/,,,,,,,,0,,,,/3/",AMD, Ryzen 3 4300G,"341,80 zł",https://images.morele.net/i500/12002717_1_i500.jpg
1746536445-178,"https://www.morele.net/kategoria/procesory-45/,,,,,,,,0,,,,/3/",Intel, Core i9-14900KS,2 999 zł,https://images.morele.net/i500/13183308_4_i500.jpg
1746536445-179,"https://www.morele.net/kategoria/procesory-45/,,,,,,,,0,,,,/3/",AMD, Ryzen 5 5600GT,"527,37 zł",https://images.morele.net/i500/13170044_0_i500.jpg
1746536445-180,"https://www.morele.net/kategoria/procesory-45/,,,,,,,,0,,,,/3/",Intel, Core i5-14400,"718,49 zł",https://images.morele.net/i500/13155881_0_i500.jpg
1746536445-181,"https://www.morele.net/kategoria/procesory-45/,,,,,,,,0,,,,/3/",Intel, Core i9-10980XE,"5 054,49 zł",https://images.morele.net/i500/6721135_4_i500.jpg
1746536445-182,"https://www.morele.net/kategoria/procesory-45/,,,,,,,,0,,,,/3/",Intel, Celeron G6900,"370,07 zł",https://images.morele.net/i500/9643519_0_i500.jpg
1746536445-183,"https://www.morele.net/kategoria/procesory-45/,,,,,,,,0,,,,/3/",AMD, Ryzen 7 5700G,"613,31 zł",https://images.morele.net/i500/8536078_2_i500.jpg
1746536445-184,"https://www.morele.net/kategoria/procesory-45/,,,,,,,,0,,,,/3/",AMD, Ryzen 9 7900,"2 337,71 zł",https://images.morele.net/i500/13113444_1_i500.jpg
1746536445-185,"https://www.morele.net/kategoria/procesory-45/,,,,,,,,0,,,,/3/",Intel, Core i3-14100F,"377,88 zł",https://images.morele.net/i500/13172902_0_i500.jpg
1746536445-186,"https://www.morele.net/kategoria/procesory-45/,,,,,,,,0,,,,/3/",Intel, Core i5-13400F,738 zł,https://images.morele.net/i500/9831228_0_i500.jpg
1746536445-187,"https://www.morele.net/kategoria/procesory-45/,,,,,,,,0,,,,/3/",Intel, Core i5-12600KF,"1 022,19 zł",https://images.morele.net/i500/9078235_0_i500.jpg
1746536445-188,"https://www.morele.net/kategoria/procesory-45/,,,,,,,,0,,,,/3/",Intel, Core Ultra 7 265KF,"1 659,50 zł",https://images.morele.net/i500/14201779_0_i500.jpg
1746536445-189,"https://www.morele.net/kategoria/procesory-45/,,,,,,,,0,,,,/3/",Intel, Core i5-13400F,"564,39 zł",https://images.morele.net/i500/13112500_0_i500.jpg
1746536445-190,"https://www.morele.net/kategoria/procesory-45/,,,,,,,,0,,,,/3/",Intel, Core Ultra 5 245K,"1 354,99 zł",https://images.morele.net/i500/14201777_0_i500.jpg
1746536445-191,"https://www.morele.net/kategoria/procesory-45/,,,,,,,,0,,,,/3/",Intel, Core i9-14900F,"2 480,50 zł",https://images.morele.net/i500/13155883_0_i500.jpg
1746536445-192,"https://www.morele.net/kategoria/procesory-45/,,,,,,,,0,,,,/3/",AMD, Ryzen 7 3700X,"4 619,99 zł",https://images.morele.net/i500/5938597_0_i500.jpg
1746536445-193,"https://www.morele.net/kategoria/procesory-45/,,,,,,,,0,,,,/3/",Intel, Pentium G4560,717 zł,https://images.morele.net/i500/1115886_0_i500.jpg
1746536445-194,"https://www.morele.net/kategoria/procesory-45/,,,,,,,,0,,,,/3/",Intel, Core i5-4590,"1 019,01 zł",https://images.morele.net/i500/640864_0_i500.jpg
1746536445-195,"https://www.morele.net/kategoria/procesory-45/,,,,,,,,0,,,,/3/",AMD, Ryzen 3 3100,"204,25 zł",https://images.morele.net/i500/6732966_0_i500.jpg
1746536445-196,"https://www.morele.net/kategoria/procesory-45/,,,,,,,,0,,,,/3/",AMD, Ryzen 5 2600X,925 zł,https://images.morele.net/i500/980256_0_i500.jpg
1746536445-197,"https://www.morele.net/kategoria/procesory-45/,,,,,,,,0,,,,/3/",AMD, Ryzen 3 1200 AF,"381,01 zł",https://images.morele.net/i500/977870_1_i500.jpg
1746536445-198,"https://www.morele.net/kategoria/procesory-45/,,,,,,,,0,,,,/3/",Intel, Core i3-9100F,706 zł,https://images.morele.net/i500/5954267_0_i500.jpg
1746536445-199,"https://www.morele.net/kategoria/procesory-45/,,,,,,,,0,,,,/3/",AMD, Ryzen 7 7700,"837,49 zł",https://images.morele.net/i500/12984669_1_i500.jpg
1746536448-200,"https://www.morele.net/kategoria/procesory-45/,,,,,,,,0,,,,/2/",AMD, Ryzen 7 7700X,"1 220,93 zł",https://images.morele.net/i500/11788490_4_i500.jpg
1746536448-201,"https://www.morele.net/kategoria/procesory-45/,,,,,,,,0,,,,/2/",Intel, Core i3-10100,"459,55 zł",https://images.morele.net/i500/6731011_1_i500.jpg
1746536448-202,"https://www.morele.net/kategoria/procesory-45/,,,,,,,,0,,,,/2/",Intel, Core i7-14700KF,1 399 zł,https://images.morele.net/i500/13123070_0_i500.jpg
1746536448-203,"https://www.morele.net/kategoria/procesory-45/,,,,,,,,0,,,,/2/",AMD, Ryzen 5 5600X,439 zł,https://images.morele.net/i500/7267027_0_i500.jpg
1746536448-204,"https://www.morele.net/kategoria/procesory-45/,,,,,,,,0,,,,/2/",AMD, Ryzen 5 4500,"228,85 zł",https://images.morele.net/i500/10120237_0_i500.jpg
1746536448-205,"https://www.morele.net/kategoria/procesory-45/,,,,,,,,0,,,,/2/",AMD, Ryzen 9 7950X3D,"4 178,12 zł",https://images.morele.net/i500/12668823_0_i500.jpg
1746536448-206,"https://www.morele.net/kategoria/procesory-45/,,,,,,,,0,,,,/2/",Intel, Core i9-12900K,"1 661,78 zł",https://images.morele.net/i500/5949745_0_i500.jpg
1746536448-207,"https://www.morele.net/kategoria/procesory-45/,,,,,,,,0,,,,/2/",Intel, Core i5-12400,"613,99 zł",https://images.morele.net/i500/9643269_1_i500.jpg
1746536448-208,"https://www.morele.net/kategoria/procesory-45/,,,,,,,,0,,,,/2/",Intel, Core i5-12400F,"448,83 zł",https://images.morele.net/i500/9914280_0_i500.jpg
1746536448-209,"https://www.morele.net/kategoria/procesory-45/,,,,,,,,0,,,,/2/",Intel, Core i5-14400F,569 zł,https://images.morele.net/i500/13155885_0_i500.jpg
1746536448-210,"https://www.morele.net/kategoria/procesory-45/,,,,,,,,0,,,,/2/",AMD, Ryzen 7 5700X3D,"1 015,56 zł",https://images.morele.net/i500/13170053_0_i500.jpg
1746536448-211,"https://www.morele.net/kategoria/procesory-45/,,,,,,,,0,,,,/2/",AMD, Ryzen 5 3600,"268,83 zł",https://images.morele.net/i500/13261587_1_i500.jpg
1746536448-212,"https://www.morele.net/kategoria/procesory-45/,,,,,,,,0,,,,/2/",AMD, Ryzen 5 8400F,"438,78 zł",https://images.morele.net/i500/13467338_0_i500.jpg
1746536448-213,"https://www.morele.net/kategoria/procesory-45/,,,,,,,,0,,,,/2/",Intel, Core i9-13900KF,"2 329,03 zł",https://images.morele.net/i500/11789723_0_i500.jpg
1746536448-214,"https://www.morele.net/kategoria/procesory-45/,,,,,,,,0,,,,/2/",Intel, Core i3-12100,469 zł,https://images.morele.net/i500/9643521_0_i500.jpg
1746536448-215,"https://www.morele.net/kategoria/procesory-45/,,,,,,,,0,,,,/2/",Intel, Core i9-14900KF,"1 828,44 zł",https://images.morele.net/i500/13123068_0_i500.jpg
1746536448-216,"https://www.morele.net/kategoria/procesory-45/,,,,,,,,0,,,,/2/",Intel, Core i5-14600K,949 zł,https://images.morele.net/i500/13123071_0_i500.jpg
1746536448-217,"https://www.morele.net/kategoria/procesory-45/,,,,,,,,0,,,,/2/",Intel, Core i3-10105,"411,71 zł",https://images.morele.net/i500/7732035_3_i500.jpg
1746536448-218,"https://www.morele.net/kategoria/procesory-45/,,,,,,,,0,,,,/2/",Intel, Core i3-13100F,339 zł,https://images.morele.net/i500/12462057_1_i500.jpg
1746536448-219,"https://www.morele.net/kategoria/procesory-45/,,,,,,,,0,,,,/2/",Intel, Core i9-12900KF,"1 340,75 zł",https://images.morele.net/i500/9502211_1_i500.jpg
1746536448-220,"https://www.morele.net/kategoria/procesory-45/,,,,,,,,0,,,,/2/",AMD, Ryzen 5 9600X,"938,01 zł",https://images.morele.net/i500/13331760_0_i500.jpg
1746536448-221,"https://www.morele.net/kategoria/procesory-45/,,,,,,,,0,,,,/2/",AMD, Ryzen 5 8500G,"599,39 zł",https://images.morele.net/i500/13170046_0_i500.jpg
1746536448-222,"https://www.morele.net/kategoria/procesory-45/,,,,,,,,0,,,,/2/",Intel, Celeron G5905,"238,87 zł",https://images.morele.net/i500/7070053_0_i500.jpg
1746536448-223,"https://www.morele.net/kategoria/procesory-45/,,,,,,,,0,,,,/2/",Intel, Core i5-12500,819 zł,https://images.morele.net/i500/9643267_1_i500.jpg
1746536448-224,"https://www.morele.net/kategoria/procesory-45/,,,,,,,,0,,,,/2/",Intel, Core i7-13700F,1 299 zł,https://images.morele.net/i500/12462060_0_i500.jpg
1746536448-225,"https://www.morele.net/kategoria/procesory-45/,,,,,,,,0,,,,/2/",AMD, Ryzen 9 9900X,"1 824,68 zł",https://images.morele.net/i500/13331757_0_i500.jpg
1746536448-226,"https://www.morele.net/kategoria/procesory-45/,,,,,,,,0,,,,/2/",AMD, Ryzen 3 4100,"200,56 zł",https://images.morele.net/i500/10120234_0_i500.jpg
1746536448-227,"https://www.morele.net/kategoria/procesory-45/,,,,,,,,0,,,,/2/",Intel, Core i7-12700,1 159 zł,https://images.morele.net/i500/9643934_3_i500.jpg
1746536448-228,"https://www.morele.net/kategoria/procesory-45/,,,,,,,,0,,,,/2/",Intel, Core i7-14700F,"1 357,99 zł",https://images.morele.net/i500/13155884_0_i500.jpg
1746536448-229,"https://www.morele.net/kategoria/procesory-45/,,,,,,,,0,,,,/2/",AMD, Ryzen 5 8600G,"757,99 zł",https://images.morele.net/i500/13170049_0_i500.jpg
1746536451-230,https://www.morele.net/kategoria/procesory-45/,Intel, Core i5-12400F,469 zł,https://images.morele.net/i500/9643517_4_i500.jpg
1746536451-231,https://www.morele.net/kategoria/procesory-45/,Intel, Core i7-14700K,1 499 zł,https://images.morele.net/i500/13123069_0_i500.jpg
1746536451-232,https://www.morele.net/kategoria/procesory-45/,Intel, Core i9-14900K,"2 081,81 zł",https://images.morele.net/i500/13123067_0_i500.jpg
1746536451-233,https://www.morele.net/kategoria/procesory-45/,AMD, Ryzen 5 5600,"436,89 zł",https://images.morele.net/i500/10120243_0_i500.jpg
1746536451-234,https://www.morele.net/kategoria/procesory-45/,Intel, Core i9-13900K,"3 095,09 zł",https://images.morele.net/i500/11789699_0_i500.jpg
1746536451-235,https://www.morele.net/kategoria/procesory-45/,AMD, Ryzen 5 5600G,"1 271,74 zł",https://images.morele.net/i500/8536079_0_i500.jpg
1746536451-236,https://www.morele.net/kategoria/procesory-45/,Intel, Core Ultra 5 245KF,"1 299,99 zł",https://images.morele.net/i500/14201770_3_i500.jpg
1746536451-237,https://www.morele.net/kategoria/procesory-45/,AMD, Ryzen 9 7950X,"2 056,98 zł",https://images.morele.net/i500/11788488_5_i500.jpg
1746536451-238,https://www.morele.net/kategoria/procesory-45/,Intel, Core i5-10400F,429 zł,https://images.morele.net/i500/6731007_2_i500.jpg
1746536451-239,https://www.morele.net/kategoria/procesory-45/,Intel, Core i9-13900F,"2 844,74 zł",https://images.morele.net/i500/12486212_0_i500.jpg
1746536451-240,https://www.morele.net/kategoria/procesory-45/,AMD, Ryzen 7 5800X,689 zł,https://images.morele.net/i500/7267024_0_i500.jpg
1746536451-241,https://www.morele.net/kategoria/procesory-45/,AMD, Ryzen 7 7800X3D,1 799 zł,https://images.morele.net/i500/12668825_0_i500.jpg
1746536451-242,https://www.morele.net/kategoria/procesory-45/,AMD, Ryzen 5 7500F,"593,98 zł",https://images.morele.net/i500/13113437_1_i500.jpg
1746536451-243,https://www.morele.net/kategoria/procesory-45/,Intel, Core i3-12100F,329 zł,https://images.morele.net/i500/9643936_1_i500.jpg
1746536451-244,https://www.morele.net/kategoria/procesory-45/,AMD, Ryzen 5 5500,"328,95 zł",https://images.morele.net/i500/10120240_0_i500.jpg
1746536451-245,https://www.morele.net/kategoria/procesory-45/,AMD, Ryzen 9 5900X,1 089 zł,https://images.morele.net/i500/7267022_0_i500.jpg
1746536451-246,https://www.morele.net/kategoria/procesory-45/,AMD, Ryzen 7 5700X,"584,11 zł",https://images.morele.net/i500/10120245_0_i500.jpg
1746536451-247,https://www.morele.net/kategoria/procesory-45/,AMD, Ryzen 5 7600,869 zł,https://images.morele.net/i500/12491803_0_i500.jpg
1746536451-248,https://www.morele.net/kategoria/procesory-45/,AMD, Ryzen 5 7600X,829 zł,https://images.morele.net/i500/11788491_5_i500.jpg
1746536451-249,https://www.morele.net/kategoria/procesory-45/,AMD, Ryzen 5 3500X,"12 668,30 zł",https://images.morele.net/i500/5944068_0_i500.jpg
1746536451-250,https://www.morele.net/kategoria/procesory-45/,Intel, Core i5-10400,"517,33 zł",https://images.morele.net/i500/6731008_1_i500.jpeg
1746536451-251,https://www.morele.net/kategoria/procesory-45/,Intel, Core i5-12600K,799 zł,https://images.morele.net/i500/5949746_0_i500.jpg
1746536451-252,https://www.morele.net/kategoria/procesory-45/,Intel, Core i5-14600KF,979 zł,https://images.morele.net/i500/13123072_0_i500.jpg
1746536451-253,https://www.morele.net/kategoria/procesory-45/,Intel, Core i5-13400F,569 zł,https://images.morele.net/i500/12486214_0_i500.jpg
1746536451-254,https://www.morele.net/kategoria/procesory-45/,AMD, Ryzen 5 3400G,"268,18 zł",https://images.morele.net/i500/5938600_0_i500.jpg
1746536451-255,https://www.morele.net/kategoria/procesory-45/,Intel, Core i5-13500,1 079 zł,https://images.morele.net/i500/12462058_0_i500.jpg
1746536451-256,https://www.morele.net/kategoria/procesory-45/,Intel, Core i7-12700KF,1 019 zł,https://images.morele.net/i500/5949744_0_i500.jpg
1746536451-257,https://www.morele.net/kategoria/procesory-45/,Intel, Core i7-12700K,"1 161,46 zł",https://images.morele.net/i500/5949747_0_i500.jpg
1746536451-258,https://www.morele.net/kategoria/procesory-45/,Intel, Core i5-11400,"863,77 zł",https://images.morele.net/i500/7732026_0_i500.jpg
1746536451-259,https://www.morele.net/kategoria/procesory-45/,Intel, Core i3-10105F,"317,83 zł",https://images.morele.net/i500/7732036_3_i500.jpg
