Name,Price,Producer,MPN,EAN,UPC,Form Factor,Size,RPM,Cache,Product Page
HGST Deskstar NAS 0S03661,,HGST,0S03661,705487193794,,,3 TB,7200.0,,
HGST Deskstar NAS 0S03665,,HGST,0S03665,705487194036,,,4 TB,7200.0,,
HGST Deskstar NAS 0S03940,,HGST,0S03940,705487200201,,,5 TB,7200.0,,
HGST Deskstar NAS v2 0S03941,,HGST,0S03941,705487200300,,,6 TB,7200.0,,
Toshiba DT01ACA100 1TB 32MB,246.90 zł,Toshiba,DT01ACA100,608729688839,696859078965.0,,1 TB,7200.0,,https://www.amazon.ca/Toshiba-3-5-Inch-Internal-Drive-DT01ACA100/dp/B00AV5FEV4?SubscriptionId=AKIAI7B523DQIKTQ3BRQ&tag=pckombo04b-20&linkCode=xm2&camp=2025&creative=165953&creativeASIN=B00AV5FEV4
Toshiba P300 HDWD110EZSTA 1TB 64MB,71.18 zł,Toshiba,HDWD110EZSTA,4051528202670,,,1 TB,7200.0,,https://www.amazon.ca/1868806-Flexible-Cable-Black-White/dp/B0140Z4P7Y?psc=1&SubscriptionId=AKIAI7B523DQIKTQ3BRQ&tag=pckombo04b-20&linkCode=xm2&camp=2025&creative=165953&creativeASIN=B0140Z4P7Y
HGST Ultrastar 7K4000,,HGST,0F14683,8717306631082,,,4 TB,7200.0,,
HGST Ultrastar He6,1760.02 zł,HGST,0F18335,672042149803,,,6 TB,7200.0,,https://www.amazon.ca/Ultrastar-Enterprise-Internal-Drive-Cache/dp/B00GTD3AR2?SubscriptionId=AKIAI7B523DQIKTQ3BRQ&tag=pckombo04b-20&linkCode=xm2&camp=2025&creative=165953&creativeASIN=B00GTD3AR2
HGST Ultrastar He8,1851.75 zł,HGST,0F23267,8717306633901,,,8 TB,7200.0,,https://www.amazon.ca/Western-Digital-Ultrastar-3-5-Inch-0F23267/dp/B00NP6AOCK?psc=1&SubscriptionId=AKIAI7B523DQIKTQ3BRQ&tag=pckombo04b-20&linkCode=xm2&camp=2025&creative=165953&creativeASIN=B00NP6AOCK
Hitachi HGST Travelstar 5K1000,,Hitachi HGST,HTS541010A9E680,4016138794397,,,1 TB,5400.0,8.0,
Hitachi HGST Travelstar 7K1000,,Hitachi HGST,HTS721010A9E630,829686002661,,,1 TB,7200.0,32.0,
Hitachi HGST Ultrastar 7K4000,,Hitachi HGST,HUS724020ALE640,829686002449,,,2 TB,7200.0,,
Seagate Archive Hard Drive ST6000AS0002 6TB 5900rpm 128MB,,Seagate,ST6000AS0002,8592978037819,,,6 TB,5900.0,,
Seagate Archive Hard Drive ST8000AS0002 8TB 5900rpm 128MB,,Seagate,ST8000AS0002,7636490056932,,,8 TB,5900.0,,
Seagate BarraCuda Compute Hard Drive 2 TB,164.07 zł,Seagate,ST2000DM008,763649113653,763649113653.0,"3.5""",2 TB,7200.0,256.0,https://www.amazon.ca/dp/B07H2RR55Q?tag=pckombo04b-20&linkCode=osi&th=1&psc=1
Seagate Barracuda Hard Drive,,Seagate,ST4000DM000,7636490034879,,,4 TB,5900.0,64.0,
Seagate Barracuda Hard Drive,183.49 zł,Seagate,ST1000DM003,7636490025914,,,1 TB,7200.0,64.0,https://www.amazon.ca/Seagate-Desktop-HDD-Hard-Drive/dp/B01KALOV08?SubscriptionId=AKIAI7B523DQIKTQ3BRQ&tag=pckombo04b-20&linkCode=xm2&camp=2025&creative=165953&creativeASIN=B01KALOV08
Seagate BarraCuda Hard Drive,205.09 zł,Seagate,ST2000DM006,763649110218,,,2 TB,7200.0,,https://www.amazon.ca/Seagate-BarraCuda-3-5-Inch-Internal-ST2000DM006/dp/B01IEKG402?psc=1&SubscriptionId=AKIAI7B523DQIKTQ3BRQ&tag=pckombo04b-20&linkCode=xm2&camp=2025&creative=165953&creativeASIN=B01IEKG402
Seagate BarraCuda Hard Drive,319.62 zł,Seagate,ST3000DM008,763649110225,,,3 TB,7200.0,,https://www.amazon.ca/dp/B01IEKG4NE?tag=pckombo04b-20&linkCode=osi&th=1&psc=1
Seagate Barracuda Hard Drive,424.92 zł,Seagate,ST2000DM001,7636490026003,,,2 TB,7200.0,64.0,https://www.amazon.ca/Seagate-ST2000DM001-Drives-Cache-Internal/dp/B00EG1T898?SubscriptionId=AKIAI7B523DQIKTQ3BRQ&tag=pckombo04b-20&linkCode=xm2&camp=2025&creative=165953&creativeASIN=B00EG1T898
Seagate BarraCuda Hard Drive 1 TB,158.57 zł,Seagate,ST1000DM010,763649098240,763649110928.0,"3.5""",1 TB,7200.0,64.0,https://www.amazon.ca/dp/B07D99KFPK?tag=pckombo04b-20&linkCode=osi&th=1&psc=1
Seagate BarraCuda Hard Drive 1 TB,195.51 zł,Seagate,ST1000LM048,763649098301,763649110980.0,"2.5""",1 TB,5400.0,128.0,https://www.amazon.ca/dp/B01LYNQXCP?tag=pckombo04b-20&linkCode=osi&th=1&psc=1
Seagate BarraCuda Hard Drive 2 TB,,Seagate,ST2000LM015,763649098318,763649110997.0,"2.5""",2 TB,5400.0,128.0,
Seagate BarraCuda Hard Drive 3 TB,,Seagate,ST3000LM024,763649078990,763649091678.0,"2.5""",3 TB,5400.0,128.0,
Seagate BarraCuda Hard Drive 3 TB,328.14 zł,Seagate,ST3000DM007,7636490078170,763649090855.0,"3.5""",3 TB,5400.0,256.0,https://www.amazon.ca/dp/B075YPRCWC?tag=pckombo04b-20&linkCode=osi&th=1&psc=1
Seagate BarraCuda Hard Drive 4 TB,,Seagate,ST4000LM024,763649078983,763649091661.0,"2.5""",4 TB,5400.0,128.0,
Seagate BarraCuda Hard Drive 4 TB,337.34 zł,Seagate,ST4000DM004,763649094402,763649094402.0,"3.5""",4 TB,5400.0,256.0,https://www.amazon.ca/Seagate-Barracuda-Internal-Computer-ST4000DM004/dp/B071WLPRHN?psc=1&SubscriptionId=AKIAI7B523DQIKTQ3BRQ&tag=pckombo04b-20&linkCode=xm2&camp=2025&creative=165953&creativeASIN=B071WLPRHN
Seagate BarraCuda Hard Drive 5 TB,735.23 zł,Seagate,ST5000LM000,763649078969,763649078969.0,"2.5""",5 TB,5400.0,128.0,https://www.amazon.ca/Seagate-BarraCuda-Internal-Hard-Drive/dp/B01M0AADIX?psc=1&SubscriptionId=AKIAI7B523DQIKTQ3BRQ&tag=pckombo04b-20&linkCode=xm2&camp=2025&creative=165953&creativeASIN=B01M0AADIX
Seagate BarraCuda Hard Drive 6 TB,516.79 zł,Seagate,ST6000DM003,763649094426,763649094426.0,"3.5""",6 TB,5400.0,256.0,https://www.amazon.ca/dp/B075WX2TKM?tag=pckombo04b-20&linkCode=osi&th=1&psc=1
Seagate BarraCuda Hard Drive 8 TB,533.23 zł,Seagate,ST8000DM004,763649094419,763649094419.0,"3.5""",8 TB,5400.0,256.0,https://www.amazon.ca/Seagate-Barracuda-Internal-3-5-Inch-ST8000DM004/dp/B075WYBQXJ?psc=1&SubscriptionId=AKIAI7B523DQIKTQ3BRQ&tag=pckombo04b-20&linkCode=xm2&camp=2025&creative=165953&creativeASIN=B075WYBQXJ
Seagate BarraCuda Pro Hard Drive,,Seagate,ST4000DM006,763649100783,763649114643.0,"3.5""",4 TB,7.2,128.0,
Seagate BarraCuda Pro Hard Drive,,Seagate,ST6000DM004,763649098165,763649110843.0,"3.5""",6 TB,7.2,256.0,
Seagate BarraCuda Pro Hard Drive,1107.21 zł,Seagate,ST8000DM0004,763649116401,763649116401.0,"3.5""",8 TB,7.2,256.0,https://www.amazon.ca/Seagate-ST8000DM0004-Drives-Cache-Internal/dp/B06Y6CCSVW?SubscriptionId=AKIAI7B523DQIKTQ3BRQ&tag=pckombo04b-20&linkCode=xm2&camp=2025&creative=165953&creativeASIN=B06Y6CCSVW
Seagate BarraCuda Pro Hard Drive 1 TB,218.74 zł,Seagate,ST1000LM049,763649115756,763649115756.0,"2.5""",1 TB,7200.0,128.0,https://www.amazon.ca/Seagate-ST1000LM049-Drives-Cache-Internal/dp/B078TJ17QF?SubscriptionId=AKIAI7B523DQIKTQ3BRQ&tag=pckombo04b-20&linkCode=xm2&camp=2025&creative=165953&creativeASIN=B078TJ17QF
Seagate BarraCuda Pro Hard Drive 12 TB,1644.89 zł,Seagate,ST12000DM0007,763649103197,763649117330.0,"3.5""",12 TB,7200.0,256.0,https://www.amazon.ca/Seagate-ST12000DM0007-Drives-12000-Internal/dp/B078SXT4ZK?SubscriptionId=AKIAI7B523DQIKTQ3BRQ&tag=pckombo04b-20&linkCode=xm2&camp=2025&creative=165953&creativeASIN=B078SXT4ZK
Seagate BarraCuda Pro Hard Drive 14 TB,2105.66 zł,Seagate,ST14000DM001,8719706004305,,"3.5""",14 TB,7200.0,256.0,https://www.amazon.ca/Seagate-Barracuda-Internal-Drive-Performance/dp/B07H7C4DXR?psc=1&SubscriptionId=AKIAI7B523DQIKTQ3BRQ&tag=pckombo04b-20&linkCode=xm2&camp=2025&creative=165953&creativeASIN=B07H7C4DXR
Seagate BarraCuda Pro Hard Drive 2 TB,,Seagate,ST2000DM009,763649100776,763649114636.0,"3.5""",2 TB,7200.0,128.0,
Seagate BarraCuda Pro Hard Drive ST10000DM0004,,Seagate,ST10000DM0004,8592978058906,,,10 TB,7200.0,,
Seagate BarraCuda Pro Hard Drive ST8000DM005,,Seagate,ST8000DM005,763649098158,763649110836.0,,8 TB,7200.0,,
Seagate Desktop Hard Drive ST3000DM001,,Seagate,ST3000DM001,7636490025938,,,3 TB,7200.0,,
Seagate Desktop Hard Drive ST5000DM002,,Seagate,ST5000DM002,8592978041731,,,5 TB,7200.0,,
Seagate Desktop Hard Drive ST6000DM001,775.56 zł,Seagate,ST6000DM001,8592978042073,763649075821.0,,6 TB,7200.0,,https://www.amazon.ca/Seagate-Desktop-3-5-Inch-Internal-ST6000DM001/dp/B013JPKYQC?SubscriptionId=AKIAI7B523DQIKTQ3BRQ&tag=pckombo04b-20&linkCode=xm2&camp=2025&creative=165953&creativeASIN=B013JPKYQC
Seagate Enterprise Capacity ST1000NM0008,234.46 zł,Seagate,ST1000NM0008,763649098509,,,1 TB,7200.0,,https://www.amazon.ca/dp/B01N76CZII?tag=pckombo04b-20&linkCode=osi&th=1&psc=1
Seagate Enterprise Capacity ST1000NM0055,309.44 zł,Seagate,ST1000NM0055,7636490069345,763649070796.0,,1 TB,7200.0,,https://www.amazon.ca/dp/B01CG0DF2G?tag=pckombo04b-20&linkCode=osi&th=1&psc=1
Seagate Enterprise Capacity ST1000NX0313,656.28 zł,Seagate,ST1000NX0313,7636490043505,763649044957.0,,1 TB,7200.0,,https://www.amazon.ca/dp/B00Q46QUU8?tag=pckombo04b-20&linkCode=osi&th=1&psc=1
Seagate Enterprise Capacity ST2000NM0033,,Seagate,ST2000NM0033,8592978004613,,,2 TB,7200.0,,
Seagate Enterprise Capacity ST2000NM0055,340.17 zł,Seagate,ST2000NM0055,8592978061999,763649070789.0,,2 TB,7200.0,,https://www.amazon.ca/Seagate-Enterprise-2TB-ST2000NM0055-7200RPM/dp/B01CG0DCWE?SubscriptionId=AKIAI7B523DQIKTQ3BRQ&tag=pckombo04b-20&linkCode=xm2&camp=2025&creative=165953&creativeASIN=B01CG0DCWE
Seagate Enterprise Capacity ST2000NX0253,1137.60 zł,Seagate,ST2000NX0253,8592978040918,763649044919.0,,2 TB,7200.0,,https://www.amazon.ca/dp/B00Q46R8K4?tag=pckombo04b-20&linkCode=osi&th=1&psc=1
Seagate Enterprise Capacity ST4000NM0115,675.21 zł,Seagate,ST4000NM0115,8592978070304,763649115015.0,,4 TB,7200.0,,https://www.amazon.ca/Seagate-SEADX-ST4000NM0115-Hard-Drives/dp/B01N2OGNDU?SubscriptionId=AKIAI7B523DQIKTQ3BRQ&tag=pckombo04b-20&linkCode=xm2&camp=2025&creative=165953&creativeASIN=B01N2OGNDU
Seagate Enterprise Hard Drive,,Seagate,ST4000NM0033,7636490028557,,,4 TB,7200.0,,
Seagate Enterprise Hard Drive,,Seagate,ST6000NM0024,7636490047893,763649049341.0,,6 TB,7200.0,,
Seagate Enterprise Hard Drive,,Seagate,ST3000NM0033,7636490028571,,,3 TB,7200.0,,
Seagate Enterprise Hard Drive v5,847.72 zł,Seagate,ST6000NM0115,7636490068744,763649070192.0,,6 TB,7200.0,6.0,https://www.amazon.ca/dp/B01CG0DCTC?tag=pckombo04b-20&linkCode=osi&th=1&psc=1
Seagate Enterprise NAS Hard Drive ST2000VN0001 2TB 7200rpm 128MB,,Seagate,ST2000VN0001,7636490062636,,,2 TB,7200.0,,
Seagate Enterprise NAS Hard Drive ST4000VN0001 4TB 7200rpm 128MB,,Seagate,ST4000VN0001,8592978031695,,,4 TB,7200.0,,
Seagate Enterprise NAS Hard Drive ST5000VN0001 5TB 7200rpm 128MB,,Seagate,ST5000VN0001,7636490062605,,,5 TB,7200.0,,
Seagate Enterprise NAS Hard Drive ST6000VN0001 6TB 7200rpm 128MB,,Seagate,ST6000VN0001,8592978031718,,,6 TB,7200.0,,
Seagate Enterprise NAS Hard Drive ST8000NE0001 8TB 7200rpm 128MB,,Seagate,ST8000NE0001,7636490071645,,,8 TB,7200.0,,
Seagate Exos 7E2 Hard Drive 2 TB,393.78 zł,Seagate,ST2000NM0008,763649098523,763649111284.0,"3.5""",2 TB,7200.0,128.0,https://www.amazon.ca/Seagate-ST2000NM0008-Drives-Cache-Internal/dp/B01N95NM6L?psc=1&SubscriptionId=AKIAI7B523DQIKTQ3BRQ&tag=pckombo04b-20&linkCode=xm2&camp=2025&creative=165953&creativeASIN=B01N95NM6L
Seagate Exos 7E8 Hard Drive 2 TB,,Seagate,ST2000NM001A,8719706015684,,"3.5""",2 TB,7200.0,256.0,
Seagate Exos 7E8 Hard Drive 4 TB,628.95 zł,Seagate,ST4000NM002A,8719706015899,,"3.5""",4 TB,7200.0,256.0,https://www.amazon.ca/dp/B07T4411LF?tag=pckombo04b-20&linkCode=osi&th=1&psc=1
Seagate Exos 7E8 Hard Drive 6 TB,,Seagate,ST6000NM021A,8719706015141,,"3.5""",6 TB,7200.0,256.0,
Seagate Exos 7E8 Hard Drive 8 TB,,Seagate,ST8000NM000A,8719706005616,,"3.5""",8 TB,7200.0,256.0,
Seagate Exos E 7E8 Hard Drive 8 TB,865.59 zł,Seagate,ST8000NM0055,7636490064593,,"3.5""",8 TB,7200.0,256.0,https://www.amazon.ca/Seagate-Enterprise-Capacity-Internal-ST8000NM0055/dp/B016AG0ITU?psc=1&SubscriptionId=AKIAI7B523DQIKTQ3BRQ&tag=pckombo04b-20&linkCode=xm2&camp=2025&creative=165953&creativeASIN=B016AG0ITU
Seagate Exos X10 Hard Drive 10 TB,,Seagate,ST10000NM0016,7636490069741,763649071199.0,"3.5""",10 TB,7200.0,256.0,
Seagate Exos X14 Hard Drive 12 TB,,Seagate,ST12000NM0008,8719706007559,,"3.5""",12 TB,7200.0,256.0,
Seagate Exos X16 Hard Drive 12 TB,,Seagate,ST12000NM001G,8719706011679,,"3.5""",12 TB,7.2,256.0,
Seagate Exos X16 Hard Drive 14 TB,,Seagate,ST14000NM001G,763649124130,,"3.5""",14 TB,7200.0,256.0,
Seagate Exos X16 Hard Drive 16 TB,,Seagate,ST16000NM001G,763649124147,,"3.5""",16 TB,7200.0,256.0,
Seagate Exos X16 Hard Drive 18 TB,,Seagate,ST18000NM000J,8719706020442,,"3.5""",18 TB,7.2,256.0,
Seagate FireCuda SSHD,,Seagate,ST2000DX002,3660619400379,763649110270.0,"3.5""",2 TB,7.2,64.0,
Seagate FireCuda SSHD 1 TB,,Seagate,ST1000LX015,7636490067624,763649069073.0,"2.5""",1 TB,5400.0,128.0,
Seagate FireCuda SSHD 1 TB,259.75 zł,Seagate,ST1000DX002,763649110263,763649110263.0,"3.5""",1 TB,7200.0,64.0,https://www.amazon.ca/dp/B01IEKG484?tag=pckombo04b-20&linkCode=osi&th=1&psc=1
Seagate FireCuda SSHD 2 TB,328.14 zł,Seagate,ST2000LX001,7636490069840,763649071298.0,"2.5""",2 TB,5400.0,128.0,https://www.amazon.ca/Seagate-Firecuda-2-5-Inch-Internal-ST2000LX001/dp/B01M1NHCZT?psc=1&SubscriptionId=AKIAI7B523DQIKTQ3BRQ&tag=pckombo04b-20&linkCode=xm2&camp=2025&creative=165953&creativeASIN=B01M1NHCZT
Seagate IronWolf Hard Drive,811.94 zł,Seagate,ST8000VN0022,763649110874,763649110874.0,"3.5""",8 TB,7.2,256.0,https://www.amazon.ca/dp/B01M1BUBSO?tag=pckombo04b-20&linkCode=osi&th=1&psc=1
Seagate IronWolf Hard Drive,1244.25 zł,Seagate,ST12000VN0007,763649117347,763649117347.0,"3.5""",12 TB,7.2,256.0,https://www.amazon.ca/dp/B075XPBD5B?tag=pckombo04b-20&linkCode=osi&th=1&psc=1
Seagate IronWolf Hard Drive 1 TB,188.65 zł,Seagate,ST1000VN002,8719706002370,763649110683.0,"3.5""",1 TB,5900.0,64.0,https://www.amazon.ca/dp/B01LOOJ8R6?tag=pckombo04b-20&linkCode=osi&th=1&psc=1
Seagate IronWolf Hard Drive 10 TB,,Seagate,ST10000VN0008,763649121764,,"3.5""",10 TB,7200.0,256.0,
Seagate IronWolf Hard Drive 12 TB,,Seagate,ST12000VN0008,763649121757,,"3.5""",12 TB,7200.0,256.0,
Seagate Ironwolf Hard Drive 14 TB,1777.52 zł,Seagate,ST14000VN0008,8719706004343,763649121740.0,"3.5""",14 TB,7200.0,256.0,https://www.amazon.ca/Seagate-IronWolf-14TB-Internal-Drive/dp/B07H7CW4YT?psc=1&SubscriptionId=AKIAI7B523DQIKTQ3BRQ&tag=pckombo04b-20&linkCode=xm2&camp=2025&creative=165953&creativeASIN=B07H7CW4YT
Seagate IronWolf Hard Drive 16 TB,,Seagate,ST16000VN001,8719706008686,,"3.5""",16 TB,5900.0,256.0,
Seagate IronWolf Hard Drive 6 TB,,Seagate,ST6000VN001,763649079416,,"3.5""",6 TB,5400.0,256.0,
Seagate IronWolf Hard Drive 6 TB,628.95 zł,Seagate,ST6000VN0033,8719706003674,763649110805.0,"3.5""",6 TB,7200.0,256.0,https://www.amazon.ca/dp/B0767P5BYT?tag=pckombo04b-20&linkCode=osi&th=1&psc=1
Seagate IronWolf Hard Drive 8 TB,669.97 zł,Seagate,ST8000VN004,763649125069,,"3.5""",8 TB,7200.0,256.0,https://www.amazon.ca/dp/B084ZV4DXB?tag=pckombo04b-20&linkCode=osi&th=1&psc=1
Seagate IronWolf NAS Hard Drive ST10000VN0004,1277.01 zł,Seagate,ST10000VN0004,8592978067694,763649089248.0,,10 TB,7200.0,,https://www.amazon.ca/dp/B01IA9GU0Q?tag=pckombo04b-20&linkCode=osi&th=1&psc=1
Seagate IronWolf NAS Hard Drive ST2000VN004,295.30 zł,Seagate,ST2000VN004,8592978061562,,,2 TB,5900.0,,https://www.amazon.ca/Seagate-IronWolf-Internal-Hard-Drive/dp/B01LOOJ8T4?psc=1&SubscriptionId=AKIAI7B523DQIKTQ3BRQ&tag=pckombo04b-20&linkCode=xm2&camp=2025&creative=165953&creativeASIN=B01LOOJ8T4
Seagate IronWolf NAS Hard Drive ST3000VN007,355.47 zł,Seagate,ST3000VN007,8592978061548,763649110706.0,,3 TB,5900.0,,https://www.amazon.ca/dp/B01LOOJBRI?tag=pckombo04b-20&linkCode=osi&th=1&psc=1
Seagate IronWolf NAS Hard Drive ST4000VN008,404.67 zł,Seagate,ST4000VN008,8592978061531,763649110560.0,,4 TB,5900.0,,https://www.amazon.ca/dp/B01LOOJBQY?tag=pckombo04b-20&linkCode=osi&th=1&psc=1
Seagate IronWolf NAS Hard Drive ST6000VN0041,593.40 zł,Seagate,ST6000VN0041,763649110881,763649110881.0,,6 TB,7200.0,,https://www.amazon.ca/dp/B01LZDFMWQ?tag=pckombo04b-20&linkCode=osi&th=1&psc=1
Seagate IronWolf Pro Hard Drive,544.16 zł,Seagate,ST4000NE0025,763649098554,763649111314.0,"3.5""",4 TB,7.2,128.0,https://www.amazon.ca/dp/B01N98UJSD?tag=pckombo04b-20&linkCode=osi&th=1&psc=1
Seagate IronWolf Pro Hard Drive,780.54 zł,Seagate,ST6000NE0023,763649111321,763649111321.0,"3.5""",6 TB,7.2,256.0,https://www.amazon.ca/Seagate-IronWolf-ST6000NE0023-Internal-Drive/dp/B075V6G82S?SubscriptionId=AKIAI7B523DQIKTQ3BRQ&tag=pckombo04b-20&linkCode=xm2&camp=2025&creative=165953&creativeASIN=B075V6G82S
Seagate IronWolf Pro Hard Drive,1014.54 zł,Seagate,ST8000NE0004,763649116104,763649116104.0,"3.5""",8 TB,7.2,256.0,https://www.amazon.ca/Seagate-IronWolf-RAID-Internal-Drive/dp/B071JNJFBW?psc=1&SubscriptionId=AKIAI7B523DQIKTQ3BRQ&tag=pckombo04b-20&linkCode=xm2&camp=2025&creative=165953&creativeASIN=B071JNJFBW
Seagate IronWolf Pro Hard Drive,1938.46 zł,Seagate,ST12000NE0007,763649103210,763649117354.0,"3.5""",12 TB,7.2,256.0,https://www.amazon.ca/dp/B075XNQYV1?tag=pckombo04b-20&linkCode=osi&th=1&psc=1
Seagate IronWolf Pro Hard Drive 10 TB,,Seagate,ST10000NE0008,763649121795,,"3.5""",10 TB,7200.0,256.0,
Seagate IronWolf Pro Hard Drive 12 TB,1554.97 zł,Seagate,ST12000NE0008,763649121788,,"3.5""",12 TB,7200.0,256.0,https://www.amazon.ca/dp/B07J3212N5?tag=pckombo04b-20&linkCode=osi&th=1&psc=1
Seagate IronWolf Pro Hard Drive 14 TB,,Seagate,ST14000NE0008,8719706004374,,"3.5""",14 TB,7200.0,256.0,
Seagate IronWolf Pro Hard Drive 16 TB,,Seagate,ST16000NE000,8719706008730,,"3.5""",16 TB,7200.0,256.0,
Seagate IronWolf Pro Hard Drive 4 TB,,Seagate,ST4000NE001,763649125137,,"3.5""",4 TB,7200.0,128.0,
Seagate IronWolf Pro Hard Drive 8 TB,,Seagate,ST6000NE000,8719706006026,,"3.5""",8 TB,7200.0,256.0,
Seagate IronWolf Pro Hard Drive 8 TB,,Seagate,ST8000NE001,8719706009867,,"3.5""",8 TB,7200.0,256.0,
Seagate IronWolf Pro NAS Hard Drive ST10000NE0004 10TB 7200rpm 256MB,1225.10 zł,Seagate,ST10000NE0004,8592978063610,,,10 TB,7200.0,,https://www.amazon.ca/dp/B01M4FU8Y3?tag=pckombo04b-20&linkCode=osi&th=1&psc=1
Seagate IronWolf Pro NAS Hard Drive ST2000NE0025 2TB 7200rpm 128MB,388.31 zł,Seagate,ST2000NE0025,763649111307,,,2 TB,7200.0,,https://www.amazon.ca/Seagate-IronWolf-Internal-Hard-Drive/dp/B01N2L30Y1?psc=1&SubscriptionId=AKIAI7B523DQIKTQ3BRQ&tag=pckombo04b-20&linkCode=xm2&camp=2025&creative=165953&creativeASIN=B01N2L30Y1
Seagate IronWolf Pro NAS Hard Drive ST6000NE0021 6TB 7200rpm 256MB,,Seagate,ST6000NE0021,763649098226,763649110904.0,,6 TB,7200.0,,
Seagate IronWolf Pro NAS Hard Drive ST8000NE0021 8TB 7200rpm 256MB,,Seagate,ST8000NE0021,763649098233,,,8 TB,7200.0,,
Seagate Mobile Hard Drive,,Seagate,ST1000LM035,7636490060670,,,1 TB,5400.0,128.0,
Seagate Mobile Hard Drive,,Seagate,ST2000LM007,7636490060656,,,2 TB,5400.0,128.0,
Seagate NAS Hard Drive ST2000VN000 2TB 5900rpm 64MB,,Seagate,ST2000VN000,8592978052652,,,2 TB,5900.0,,
Seagate SkyHawk Hard Drive,,Seagate,ST3000VX010,763649097991,763649110676.0,"3.5""",3 TB,7.2,64.0,
Seagate SkyHawk Hard Drive,778.96 zł,Seagate,ST10000VX0004,7636490076558,763649089231.0,"3.5""",10 TB,7.2,256.0,https://www.amazon.ca/dp/B07N33PYN4?tag=pckombo04b-20&linkCode=osi&th=1&psc=1
Seagate SkyHawk Hard Drive 3 TB,,Seagate,ST3000VX009,8719706002929,,"3.5""",3 TB,5900.0,256.0,
Seagate SkyHawk Hard Drive 4 TB,465.60 zł,Seagate,ST4000VX007,763649097953,763649110638.0,"3.5""",4 TB,7200.0,64.0,https://www.amazon.ca/dp/B01L1V9X5Y?tag=pckombo04b-20&linkCode=osi&th=1&psc=1
Seagate SkyHawk Hard Drive 6 TB,,Seagate,ST6000VX001,763649092132,,"3.5""",6 TB,5.9,256.0,
Seagate SkyHawk Hard Drive 8 TB,,Seagate,ST8000VX0022,763649110850,763649110850.0,"3.5""",8 TB,7200.0,256.0,
Seagate Skyhawk Hard Drive 8 TB,,Seagate,ST8000VX004,8719706009805,,"3.5""",8 TB,7.2,256.0,
Seagate SkyHawk Hard Drive ST1000VX005,188.65 zł,Seagate,ST1000VX005,8592978061524,763649110652.0,,1 TB,7200.0,,https://www.amazon.ca/dp/B01LOOJ8R6?tag=pckombo04b-20&linkCode=osi&th=1&psc=1
Seagate SkyHawk Hard Drive ST2000VX008,244.71 zł,Seagate,ST2000VX008,8592978061555,,,2 TB,7200.0,,https://www.amazon.ca/Seagate-SkyHawk-Surveillance-Internal-Drive/dp/B01LOOJ8QM?SubscriptionId=AKIAI7B523DQIKTQ3BRQ&tag=pckombo04b-20&linkCode=xm2&camp=2025&creative=165953&creativeASIN=B01LOOJ8QM
Seagate SkyHawk Hard Drive ST6000VX0023,689.68 zł,Seagate,ST6000VX0023,8592978062361,763649110812.0,,6 TB,7200.0,,https://www.amazon.ca/SEAGATE-ST6000VX0023-Skyhawk-Internal-Drive/dp/B01M5FSTXY?SubscriptionId=AKIAI7B523DQIKTQ3BRQ&tag=pckombo04b-20&linkCode=xm2&camp=2025&creative=165953&creativeASIN=B01M5FSTXY
Seagate Surveillance Hard Drive,,Seagate,ST3000VX000,7636490030635,,,3 TB,7200.0,,
Seagate Surveillance Hard Drive ST1000VX000,,Seagate,ST1000VX000,715663215639,,,1 TB,7200.0,,
Seagate Surveillance Hard Drive ST1000VX003,,Seagate,ST1000VX003,7636490063039,,,1 TB,5900.0,,
Seagate Surveillance Hard Drive ST2000VX000,360.86 zł,Seagate,ST2000VX000,8592978011635,,,2 TB,7200.0,,https://www.amazon.ca/Seagate-Sv35-3-5-Inch-ST2000VX000-Black/dp/B007JUFKM2?psc=1&SubscriptionId=AKIAI7B523DQIKTQ3BRQ&tag=pckombo04b-20&linkCode=xm2&camp=2025&creative=165953&creativeASIN=B007JUFKM2
Seagate Surveillance Hard Drive ST4000VX000,474.64 zł,Seagate,ST4000VX000,8592978012670,,,4 TB,5900.0,,https://www.amazon.ca/Seagate-Surveillance-3-5-Inch-Internal-ST4000VX000/dp/B00JW53C5Y?psc=1&SubscriptionId=AKIAI7B523DQIKTQ3BRQ&tag=pckombo04b-20&linkCode=xm2&camp=2025&creative=165953&creativeASIN=B00JW53C5Y
Seagate Surveillance Hard Drive ST8000VX0002,,Seagate,ST8000VX0002,8592978049249,,,8 TB,7200.0,,
Seagate Video 3.5 Hard Drive ST2000VM003,,Seagate,ST2000VM003,8592978029258,,,2 TB,5900.0,,
Toshiba Cloud Hard Drive MC04ACA200E 2TB 128MB,,Toshiba,MC04ACA200E,4949268790857,,,2 TB,7200.0,,
Toshiba Cloud Hard Drive MC04ACA300E 3TB 128MB,,Toshiba,MC04ACA300E,4053162588240,,,3 TB,7200.0,,
Toshiba Enterprise MG03SCA300 3TB 64MB SAS,,Toshiba,MG03SCA300,163120879960,,,3 TB,7200.0,,
Toshiba N300 HDWN160EZSTA 6TB 128MB,,Toshiba,HDWN160EZSTA,4051528312669,,,6 TB,7200.0,,
Toshiba N300 HDWN160UZSVA 6TB 128MB Bulk,,Toshiba,HDWN160UZSVA,4051528328257,,,6 TB,7200.0,,
Toshiba N300 HDWN180EZSTA 8TB 128MB,,Toshiba,HDWN180EZSTA,4051528312652,,,8 TB,7200.0,,
Toshiba N300 HDWN180UZSVA 8TB 128MB Bulk,,Toshiba,HDWN180UZSVA,4051528328264,,,8 TB,7200.0,,
Toshiba N300 HDWQ140EZSTA 4TB 128MB,,Toshiba,HDWQ140EZSTA,4051528312676,,,4 TB,7200.0,,
Toshiba N300 HDWQ140UZSVA 4TB 128MB Bulk,,Toshiba,HDWQ140UZSVA,4051528328240,,,4 TB,7200.0,,
Toshiba P300 1 TB,,Toshiba,HDWD110UZSVA,4051528216707,,"3.5""",1 TB,7200.0,64.0,
Toshiba P300 2 TB,,Toshiba,HDWD120UZSVA,4051528216714,,"3.5""",2 TB,7200.0,64.0,
Toshiba P300 3 TB,,Toshiba,HDWD130UZSVA,4051528216721,,"3.5""",3 TB,7200.0,64.0,
Toshiba P300 4 TB,,Toshiba,HDWD240UZSVA,4260557511152,,"3.5""",4 TB,5.4,128.0,
Toshiba P300 6 TB,,Toshiba,HDWD260UZSVA,4260557511145,,"3.5""",6 TB,5.4,128.0,
Toshiba P300 HDWD120EZSTA 2TB 64MB,,Toshiba,HDWD120EZSTA,4051528202687,,,2 TB,7200.0,,
Toshiba P300 HDWD130EZSTA 3TB 64MB,,Toshiba,HDWD130EZSTA,4051528202694,,,3 TB,7200.0,,
"Toshiba SATA 3G, MQ01ABD100",,Toshiba,MQ01ABD100,5051868540295,696859079153.0,"2.5""",1 TB,5.4,8.0,
"Toshiba SATA 6G, DT01ACA200, 2 TB",,Toshiba,DT01ACA200,4047999500179,696859078972.0,"3.5""",2 TB,7200.0,32.0,
"Toshiba SATA 6G, DT01ACA300, 3 TB",,Toshiba,DT01ACA300,4047999500186,696859078989.0,"3.5""",3 TB,7200.0,32.0,
"Toshiba SATA 6G, MD04ACA400",,Toshiba,MD04ACA400,5712505477892,,"3.5""",4 TB,7.2,128.0,
Toshiba Surveillance Hard Drive MD03ACA200V 2TB 64MB,,Toshiba,MD03ACA200V,4053162580671,,,2 TB,7200.0,,
Toshiba Surveillance Hard Drive MD03ACA300V 3TB 64MB,,Toshiba,MD03ACA300V,5054484655619,,,3 TB,7200.0,,
Toshiba Surveillance Hard Drive MD03ACA400V 4TB 64MB,,Toshiba,MD03ACA400V,4053162588271,,,4 TB,7200.0,,
Toshiba X300 HDWE140EZSTA 4TB 128MB,,Toshiba,HDWE140EZSTA,4051528202700,,,4 TB,7200.0,,
Toshiba X300 HDWE150EZSTA 5TB 128MB,,Toshiba,HDWE150EZSTA,4051528202717,,,5 TB,7200.0,,
Toshiba X300 HDWE160EZSTA 6TB 128MB,,Toshiba,HDWE160EZSTA,4051528202724,,,6 TB,7200.0,,
Toshiba X300 HDWF180EZSTA 8TB 128MB,,Toshiba,HDWF180EZSTA,4051528234992,,,8 TB,7200.0,,
Toshiba X300 HDWF180UZSVA 8TB 128MB Bulk,,Toshiba,HDWF180UZSVA,4051528234985,,,8 TB,7200.0,,
"Toshiba X300 SATA 6G, 4 TB",,Toshiba,HDWE140UZSVA,4051528227307,,"3.5""",4 TB,7200.0,128.0,
"Toshiba X300 SATA 6G, 6 TB",,Toshiba,HDWE160UZSVA,4051528227321,,"3.5""",6 TB,7200.0,128.0,
WD AV-GP WD10EURX,,Western Digital,WD10EURX,718037781709,,,1 TB,5400.0,,
WD AV-GP WD20EURX,,Western Digital,WD20EURX,718037782836,,,2 TB,5400.0,,
WD AV-GP WD30EURX,,Western Digital,WD30EURX,718037782874,,,3 TB,5400.0,,
WD AV-GP WD40EURX,,Western Digital,WD40EURX,718037820095,,,4 TB,5400.0,,
WD Black WD4004FZWX,797.09 zł,Western Digital,WD4004FZWX,718037847641,,,4 TB,7200.0,,https://www.amazon.ca/Performance-Drive-Internal-Drives-WD4004FZWX/dp/B01GWS2ZOC?psc=1&SubscriptionId=AKIAI7B523DQIKTQ3BRQ&tag=pckombo04b-20&linkCode=xm2&camp=2025&creative=165953&creativeASIN=B01GWS2ZOC
WD Black WD6001FZWX,1073.47 zł,Western Digital,WD6001FZWX,718037835983,,,6 TB,7200.0,,https://www.amazon.ca/Black-Performance-Desktop-Hard-Drive/dp/B011LVAVEQ?SubscriptionId=AKIAI7B523DQIKTQ3BRQ&tag=pckombo04b-20&linkCode=xm2&camp=2025&creative=165953&creativeASIN=B011LVAVEQ
WD Blue SSHD WD40E31X,,Western Digital,WD40E31X,718037837734,,,4 TB,5400.0,,
WD Blue WD50EZRZ,729.19 zł,Western Digital,WD50EZRZ,718037840215,,,5 TB,5400.0,,https://www.amazon.ca/dp/B013HNYVFG?tag=pckombo04b-20&linkCode=osi&th=1&psc=1
WD Gold WD4002FYYZ,546.91 zł,Western Digital,WD4002FYYZ,8592978055455,,,4 TB,7200.0,,https://www.amazon.ca/Western-Digital-Enterprise-Class-Drive/dp/B01AV1697A?psc=1&SubscriptionId=AKIAI7B523DQIKTQ3BRQ&tag=pckombo04b-20&linkCode=xm2&camp=2025&creative=165953&creativeASIN=B01AV1697A
WD Gold WD8002FRYZ,1271.32 zł,Western Digital,WD8002FRYZ,718037846408,718037846408.0,,8 TB,7200.0,,https://www.amazon.ca/Gold-Datacenter-Hard-Disk-Drive/dp/B01E17L38A?SubscriptionId=AKIAI7B523DQIKTQ3BRQ&tag=pckombo04b-20&linkCode=xm2&camp=2025&creative=165953&creativeASIN=B01E17L38A
WD Purple NV WD4NPURX,683.05 zł,Western Digital,WD4NPURX,8592978039394,,,4 TB,5400.0,,https://www.amazon.ca/Western-Digital-Surveillance-Internal-DriveWD4NPURX/dp/B00WMF076S?psc=1&SubscriptionId=AKIAI7B523DQIKTQ3BRQ&tag=pckombo04b-20&linkCode=xm2&camp=2025&creative=165953&creativeASIN=B00WMF076S
WD Purple NV WD6NPURX,,Western Digital,WD6NPURX,718037838366,718037838366.0,,6 TB,5400.0,,
WD Purple WD10PURX,,Western Digital,WD10PURX,718037823324,,,1 TB,5400.0,,
WD Purple WD20PURX,331.35 zł,Western Digital,WD20PURX,718037823331,,,2 TB,5400.0,,https://www.amazon.ca/Intellipower-sata_6_0_gb-3-5-Inch-Internal-WD20PURX/dp/B00IMPO5MO?psc=1&SubscriptionId=AKIAI7B523DQIKTQ3BRQ&tag=pckombo04b-20&linkCode=xm2&camp=2025&creative=165953&creativeASIN=B00IMPO5MO
WD Purple WD30PURX,398.19 zł,Western Digital,WD30PURX,718037823300,718037823300.0,,3 TB,5400.0,,https://www.amazon.ca/dp/B00IMPO5N8?tag=pckombo04b-20&linkCode=osi&th=1&psc=1
WD Purple WD40PURX,646.71 zł,Western Digital,WD40PURX,718037823317,718037823317.0,,4 TB,5400.0,,https://www.amazon.ca/dp/B00IMPO5OW?tag=pckombo04b-20&linkCode=osi&th=1&psc=1
WD Purple WD50PURX,,Western Digital,WD50PURX,8592978033682,,,5 TB,5400.0,,
WD Purple WD60PURX,724.78 zł,Western Digital,WD60PURX,718037828374,,,6 TB,5400.0,,https://www.amazon.ca/dp/B00P0NV43E?tag=pckombo04b-20&linkCode=osi&th=1&psc=1
WD Purple WD80PUZX,1110.68 zł,Western Digital,WD80PUZX,718037845487,718037845487.0,,8 TB,5400.0,,https://www.amazon.ca/Wd-Purple-Surveillance-Hard-Drive/dp/B01C2PWLZW?psc=1&SubscriptionId=AKIAI7B523DQIKTQ3BRQ&tag=pckombo04b-20&linkCode=xm2&camp=2025&creative=165953&creativeASIN=B01C2PWLZW
WD RE WD1004FBYZ,,Western Digital,WD1004FBYZ,718037830049,,,1 TB,7200.0,,
WD RE WD5001FSYZ,,Western Digital,WD5001FSYZ,718037825779,,,5 TB,7200.0,,
WD RE+ WD5005FRPZ,,Western Digital,WD5005FRPZ,718037832180,,,5 TB,5760.0,,
WD RE+ WD6005FRPZ,,Western Digital,WD6005FRPZ,718037832159,,,6 TB,5760.0,,
WD Red Pro WD4002FFWX,699.37 zł,Western Digital,WD4002FFWX,718037845630,718037845630.0,,4 TB,7200.0,,https://www.amazon.ca/Western-Digital-3-5-Inch-Internal-WD4002FFWX/dp/B01CL6R7QU?SubscriptionId=AKIAI7B523DQIKTQ3BRQ&tag=pckombo04b-20&linkCode=xm2&camp=2025&creative=165953&creativeASIN=B01CL6R7QU
WD Red Pro WD6002FFWX,929.42 zł,Western Digital,WD6002FFWX,718037845647,718037845647.0,,6 TB,7200.0,,https://www.amazon.ca/Red-Pro-NAS-Hard-Drive/dp/B01CHP20MG?SubscriptionId=AKIAI7B523DQIKTQ3BRQ&tag=pckombo04b-20&linkCode=xm2&camp=2025&creative=165953&creativeASIN=B01CHP20MG
WD Red Pro WD8001FFWX,1487.04 zł,Western Digital,WD8001FFWX,718037847696,718037847696.0,,8 TB,7200.0,,https://www.amazon.ca/3-5-Inch-7200rpm-128MB-Internal-WD8001FFWX/dp/B01H33VQDG?psc=1&SubscriptionId=AKIAI7B523DQIKTQ3BRQ&tag=pckombo04b-20&linkCode=xm2&camp=2025&creative=165953&creativeASIN=B01H33VQDG
WD Red WD80EFZX,1148.12 zł,Western Digital,WD80EFZX,718037845500,718037845500.0,,8 TB,5400.0,,https://www.amazon.ca/Red-8TB-Hard-Disk-Drive/dp/B01BYLY4DM?psc=1&SubscriptionId=AKIAI7B523DQIKTQ3BRQ&tag=pckombo04b-20&linkCode=xm2&camp=2025&creative=165953&creativeASIN=B01BYLY4DM
Western Blue Mobile 1 TB,177.68 zł,Western Digital,WD10SPZX,718037845319,,"2.5""",1 TB,5400.0,128.0,https://www.amazon.ca/dp/B071F9MLJJ?tag=pckombo04b-20&linkCode=osi&th=1&psc=1
Western Blue Mobile 2 TB,273.40 zł,Western Digital,WD20SPZX,718037847405,,"2.5""",2 TB,5400.0,128.0,https://www.amazon.ca/dp/B079BQS5WQ?tag=pckombo04b-20&linkCode=osi&th=1&psc=1
Western Digital Black 1 TB,218.70 zł,Western Digital,WD1003FZEX,718037786469,718037786469.0,"3.5""",1 TB,7200.0,64.0,https://www.amazon.ca/dp/B00FJRS6FU?tag=pckombo04b-20&linkCode=osi&th=1&psc=1
Western Digital Black 2 TB,380.05 zł,Western Digital,WD2003FZEX,718037810553,718037810553.0,"3.5""",2 TB,7200.0,64.0,https://www.amazon.ca/dp/B00FJRS628?tag=pckombo04b-20&linkCode=osi&th=1&psc=1
"Western Digital Black 2,5 Zoll",248.71 zł,Western Digital,WD10JPLX,718037846729,718037846729.0,"2.5""",1 TB,7.2,32.0,https://www.amazon.ca/WESTERN-DIGITAL-Performance-Mobile-WD10JPLX/dp/B01DOL05OC?psc=1&SubscriptionId=AKIAI7B523DQIKTQ3BRQ&tag=pckombo04b-20&linkCode=xm2&camp=2025&creative=165953&creativeASIN=B01DOL05OC
Western Digital Black 4 TB,533.19 zł,Western Digital,WD4005FZBX,718037856001,718037856001.0,"3.5""",4 TB,7200.0,256.0,https://www.amazon.ca/dp/B0792G331G?tag=pckombo04b-20&linkCode=osi&th=1&psc=1
Western Digital Black 6 TB,656.28 zł,Western Digital,WD6003FZBX,718037855998,,"3.5""",6 TB,7200.0,256.0,https://www.amazon.ca/dp/B0792GSD6N?tag=pckombo04b-20&linkCode=osi&th=1&psc=1
Western Digital Blue,906.72 zł,Western Digital,WD60EZRZ,718037840192,718037840192.0,"3.5""",6 TB,5.4,64.0,https://www.amazon.ca/dp/B013HNYVCE?tag=pckombo04b-20&linkCode=osi&th=1&psc=1
Western Digital Blue 1 TB,164.07 zł,Western Digital,WD10EZRZ,718037840147,718037840147.0,"3.5""",1 TB,5400.0,64.0,https://www.amazon.ca/Blue-Desktop-Hard-Disk-Drive/dp/B013HNYVLA?psc=1&SubscriptionId=AKIAI7B523DQIKTQ3BRQ&tag=pckombo04b-20&linkCode=xm2&camp=2025&creative=165953&creativeASIN=B013HNYVLA
Western Digital Blue 1 TB,191.33 zł,Western Digital,WD10EZEX,718037779911,718037779911.0,"3.5""",1 TB,7200.0,64.0,https://www.amazon.ca/dp/B0088PUEPK?tag=pckombo04b-20&linkCode=osi&th=1&psc=1
Western Digital Blue 2 TB,207.80 zł,Western Digital,WD20EZAZ,718037856254,,"3.5""",2 TB,5.4,256.0,https://www.amazon.ca/dp/B07JC1TQ7N?tag=pckombo04b-20&linkCode=osi&th=1&psc=1
Western Digital Blue 2 TB,237.89 zł,Western Digital,WD20EZRZ,718037840222,718037840222.0,"3.5""",2 TB,5400.0,64.0,https://www.amazon.ca/dp/B013QFRS2S?tag=pckombo04b-20&linkCode=osi&th=1&psc=1
"Western Digital Blue 2,5 Zoll",233.33 zł,Western Digital,WD10JPVX,718037800936,718037800936.0,"2.5""",1 TB,5.4,8.0,https://www.amazon.ca/5400rpm-Sata-Scorpio-Blue-WD10JPVX/dp/B00C9TEBJQ?SubscriptionId=AKIAI7B523DQIKTQ3BRQ&tag=pckombo04b-20&linkCode=xm2&camp=2025&creative=165953&creativeASIN=B00C9TEBJQ
Western Digital Blue 3 TB,301.75 zł,Western Digital,WD30EZRZ,718037840154,718037840154.0,"3.5""",3 TB,5400.0,64.0,https://www.amazon.ca/dp/B013HNYV42?tag=pckombo04b-20&linkCode=osi&th=1&psc=1
Western Digital Blue 4 TB,460.81 zł,Western Digital,WD40EZRZ,718037840161,718037840161.0,"3.5""",4 TB,5400.0,64.0,https://www.amazon.ca/dp/B013HNYV8I?tag=pckombo04b-20&linkCode=osi&th=1&psc=1
Western Digital Blue 6 TB,519.54 zł,Western Digital,WD60EZAZ,718037855684,,"3.5""",6 TB,5400.0,256.0,https://www.amazon.ca/WD-Blue-6TB-Hard-Drive/dp/B07MYKZGVX?SubscriptionId=AKIAI7B523DQIKTQ3BRQ&tag=pckombo04b-20&linkCode=xm2&camp=2025&creative=165953&creativeASIN=B07MYKZGVX
Western Digital Gold 1 TB,328.07 zł,Western Digital,WD1005FBYZ,718037820132,718037820132.0,"3.5""",1 TB,7200.0,128.0,https://www.amazon.ca/dp/B01IY9USY6?tag=pckombo04b-20&linkCode=osi&th=1&psc=1
Western Digital Gold 10 TB,888.70 zł,Western Digital,WD102KRYZ,718037872681,,"3.5""",10 TB,7200.0,256.0,https://www.amazon.ca/dp/B07XDD5MV8?tag=pckombo04b-20&linkCode=osi&th=1&psc=1
Western Digital Gold 12 TB,1066.42 zł,Western Digital,WD121KRYZ,718037854519,,"3.5""",12 TB,7200.0,256.0,https://www.amazon.ca/dp/B075L6FJH8?tag=pckombo04b-20&linkCode=osi&th=1&psc=1
Western Digital Gold 14 TB,1189.51 zł,Western Digital,WD141KRYZ,718037872674,,"3.5""",14 TB,7200.0,512.0,https://www.amazon.ca/dp/B07XC95Y28?tag=pckombo04b-20&linkCode=osi&th=1&psc=1
Western Digital Gold 16 TB,,Western Digital,WD161KRYZ,8592978268565,,"3.5""",16 TB,7.2,512.0,
Western Digital Gold 2 TB,434.76 zł,Western Digital,WD2005FBYZ,718037847924,718037847924.0,"3.5""",2 TB,7200.0,128.0,https://www.amazon.ca/dp/B01IY9UTMM?tag=pckombo04b-20&linkCode=osi&th=1&psc=1
Western Digital Gold 4 TB,582.39 zł,Western Digital,WD4003FRYZ,718037858098,,"3.5""",4 TB,7200.0,256.0,https://www.amazon.ca/dp/B07XDD6GD3?tag=pckombo04b-20&linkCode=osi&th=1&psc=1
Western Digital Gold 6 TB,724.59 zł,Western Digital,WD6003FRYZ,718037855936,,"3.5""",6 TB,7200.0,256.0,https://www.amazon.ca/dp/B07XHCT33G?tag=pckombo04b-20&linkCode=osi&th=1&psc=1
Western Digital Gold 8 TB,820.31 zł,Western Digital,WD8004FRYZ,718037858371,,"3.5""",8 TB,7200.0,256.0,https://www.amazon.ca/dp/B07XGDNZXT?tag=pckombo04b-20&linkCode=osi&th=1&psc=1
"Western Digital Gold, Intellipower",881.61 zł,Western Digital,WD6002FRYZ,718037845470,,"3.5""",6 TB,7.2,128.0,https://www.amazon.ca/Western-Digital-Enterprise-Class-Drive/dp/B01AV168FS?psc=1&SubscriptionId=AKIAI7B523DQIKTQ3BRQ&tag=pckombo04b-20&linkCode=xm2&camp=2025&creative=165953&creativeASIN=B01AV168FS
"Western Digital Gold, Intellipower",1193.24 zł,Western Digital,WD8003FRYZ,718037858104,718037858104.0,"3.5""",8 TB,7.2,256.0,https://www.amazon.ca/WESTERN-DIGITAL-Enterprise-Class-Drive/dp/B074WH5NPT?psc=1&SubscriptionId=AKIAI7B523DQIKTQ3BRQ&tag=pckombo04b-20&linkCode=xm2&camp=2025&creative=165953&creativeASIN=B074WH5NPT
"Western Digital Gold, Intellipower",1557.84 zł,Western Digital,WD101KRYZ,718037847733,718037847733.0,"3.5""",10 TB,7.2,256.0,https://www.amazon.ca/Gold-10TB-Datacenter-Hard-Drive/dp/B01IWCMS5M?psc=1&SubscriptionId=AKIAI7B523DQIKTQ3BRQ&tag=pckombo04b-20&linkCode=xm2&camp=2025&creative=165953&creativeASIN=B01IWCMS5M
Western Digital Purple 8 TB,712.42 zł,Western Digital,WD84PURZ,718037887906,,"3.5""",8 TB,7.2,256.0,https://www.amazon.ca/dp/B08XNL4CRM?tag=pckombo04b-20&linkCode=osi&th=1&psc=1
"Western Digital Purple, Intellipower",1019.82 zł,Western Digital,WD100PURZ,718037856087,718037856087.0,"3.5""",10 TB,5.4,256.0,https://www.amazon.ca/Western-Digital-Surveillance-3-5-Inch-Internal/dp/B06XRRT1PJ?psc=1&SubscriptionId=AKIAI7B523DQIKTQ3BRQ&tag=pckombo04b-20&linkCode=xm2&camp=2025&creative=165953&creativeASIN=B06XRRT1PJ
Western Digital RE,,Western Digital,WD2004FBYZ,718037830056,,,2 TB,7200.0,128.0,
Western Digital Red 1 TB,191.40 zł,Western Digital,WD10EFRX,718037799650,718037799650.0,"3.5""",1 TB,5400.0,64.0,https://www.amazon.ca/dp/B008JJLXO6?tag=pckombo04b-20&linkCode=osi&th=1&psc=1
Western Digital Red 1 TB,342.39 zł,Western Digital,WD10JFCX,718037804149,718037804149.0,"3.5""",1 TB,5400.0,16.0,https://www.amazon.ca/dp/B00EHBES1U?tag=pckombo04b-20&linkCode=osi&th=1&psc=1
Western Digital Red 10 TB,977.90 zł,Western Digital,WD101EFAX,718037866758,,"3.5""",10 TB,5.4,256.0,https://www.amazon.ca/dp/B083JXTH5L?tag=pckombo04b-20&linkCode=osi&th=1&psc=1
Western Digital Red 10 TB,1236.03 zł,Western Digital,WD100EFAX,718037847689,,"3.5""",10 TB,5400.0,256.0,https://www.amazon.ca/dp/B0719498XY?tag=pckombo04b-20&linkCode=osi&th=1&psc=1
Western Digital Red 12 TB,1123.23 zł,Western Digital,WD120EFAX,718037866260,,"3.5""",12 TB,5400.0,256.0,https://www.amazon.ca/dp/B07RQ99XJH?tag=pckombo04b-20&linkCode=osi&th=1&psc=1
Western Digital Red 14 TB,1723.57 zł,Western Digital,WD140EFFX,718037872841,,"3.5""",14 TB,5400.0,512.0,https://www.amazon.ca/dp/B07YFGMZVV?tag=pckombo04b-20&linkCode=osi&th=1&psc=1
Western Digital Red 2 TB,205.16 zł,Western Digital,WD20EFAX,718037858135,,"3.5""",2 TB,5400.0,256.0,https://www.amazon.ca/dp/B07PGWXQCM?tag=pckombo04b-20&linkCode=osi&th=1&psc=1
Western Digital Red 2 TB,273.44 zł,Western Digital,WD20EFRX,718037799667,718037799667.0,"3.5""",2 TB,5400.0,64.0,https://www.amazon.ca/Sata-64mb-Intellipower-Years-Warranty/dp/B008RAWX0U?SubscriptionId=AKIAI7B523DQIKTQ3BRQ&tag=pckombo04b-20&linkCode=xm2&camp=2025&creative=165953&creativeASIN=B008RAWX0U
Western Digital Red 3 TB,232.42 zł,Western Digital,WD30EFAX,718037861074,,"3.5""",3 TB,5400.0,256.0,https://www.amazon.ca/dp/B083XVD1FP?tag=pckombo04b-20&linkCode=osi&th=1&psc=1
Western Digital Red 3 TB,339.04 zł,Western Digital,WD30EFRX,718037799674,,"3.5""",3 TB,5400.0,64.0,https://www.amazon.ca/dp/B008JJLW4M?tag=pckombo04b-20&linkCode=osi&th=1&psc=1
Western Digital Red 4 TB,317.51 zł,Western Digital,WD40EFAX,718037861036,,"3.5""",4 TB,5400.0,256.0,https://www.amazon.ca/dp/B083XVY99B?tag=pckombo04b-20&linkCode=osi&th=1&psc=1
Western Digital Red 4 TB,437.51 zł,Western Digital,WD40EFRX,718037810058,718037810058.0,"3.5""",4 TB,5400.0,64.0,https://www.amazon.ca/Western-Digital-3-5-Inch-Drive-WD40EFRX/dp/B00EHBERSE?psc=1&SubscriptionId=AKIAI7B523DQIKTQ3BRQ&tag=pckombo04b-20&linkCode=xm2&camp=2025&creative=165953&creativeASIN=B00EHBERSE
Western Digital Red 6 TB,382.84 zł,Western Digital,WD60EFAX,718037860947,,"3.5""",6 TB,5400.0,256.0,https://www.amazon.ca/dp/B07MYL7KVK?tag=pckombo04b-20&linkCode=osi&th=1&psc=1
Western Digital Red 8 TB,820.39 zł,Western Digital,WD80EFAX,718037854694,718037854694.0,"3.5""",8 TB,5400.0,256.0,https://www.amazon.ca/dp/B07D3MWMNZ?tag=pckombo04b-20&linkCode=osi&th=1&psc=1
Western Digital Red Plus 8 TB,633.77 zł,Western Digital,WD80EFZZ,718037896755,,"3.5""",8 TB,5.64,128.0,https://www.amazon.ca/dp/B09QQX27GM?tag=pckombo04b-20&linkCode=osi&th=1&psc=1
Western Digital Red Plus 10 TB,752.00 zł,Western Digital,WD101EFBX,718037886206,,"3.5""",10 TB,7.2,256.0,https://www.amazon.ca/dp/B08TZPS4QQ?tag=pckombo04b-20&linkCode=osi&th=1&psc=1
Western Digital Red Plus 12 TB,861.41 zł,Western Digital,WD120EFBX,718037886190,,"3.5""",12 TB,7.2,256.0,https://www.amazon.ca/dp/B08V1L1WYD?tag=pckombo04b-20&linkCode=osi&th=1&psc=1
Western Digital Red Plus 14 TB,1121.20 zł,Western Digital,WD140EFGX,718037886183,,"3.5""",14 TB,7.2,512.0,https://www.amazon.ca/dp/B08V13TGP4?tag=pckombo04b-20&linkCode=osi&th=1&psc=1
Western Digital Red Plus 2 TB,205.09 zł,Western Digital,WD20EFZX,718037884370,,"3.5""",2 TB,5.4,128.0,https://www.amazon.ca/dp/B08VH891FS?tag=pckombo04b-20&linkCode=osi&th=1&psc=1
Western Digital Red Plus 3 TB,246.11 zł,Western Digital,WD30EFZX,718037884387,,"3.5""",3 TB,5.4,128.0,https://www.amazon.ca/dp/B08VH9NDV7?tag=pckombo04b-20&linkCode=osi&th=1&psc=1
Western Digital Red Plus 4 TB,300.77 zł,Western Digital,WD40EFZX,718037884394,,"3.5""",4 TB,5.4,128.0,https://www.amazon.ca/dp/B08VH8C3WZ?tag=pckombo04b-20&linkCode=osi&th=1&psc=1
Western Digital Red Plus 6 TB,393.74 zł,Western Digital,WD60EFZX,718037821542,,"3.5""",6 TB,5.64,128.0,https://www.amazon.ca/dp/B08TZYBMMC?tag=pckombo04b-20&linkCode=osi&th=1&psc=1
Western Digital Red Plus 8 TB,637.13 zł,Western Digital,WD80EFBX,718037886213,,"3.5""",8 TB,7.2,256.0,https://www.amazon.ca/dp/B08TZT47VT?tag=pckombo04b-20&linkCode=osi&th=1&psc=1
Western Digital Red Pro 10 TB,133.80 zł,Western Digital,WD101KFBX,718037847719,718037847719.0,"3.5""",10 TB,7200.0,256.0,https://www.amazon.ca/dp/B072LX5HDW?tag=pckombo04b-20&linkCode=osi&th=1&psc=1
Western Digital Red Pro 10 TB,888.70 zł,Western Digital,WD102KFBX,718037866796,,"3.5""",10 TB,7200.0,256.0,https://www.amazon.ca/dp/B084F34HZ6?tag=pckombo04b-20&linkCode=osi&th=1&psc=1
Western Digital Red Pro 12 TB,970.74 zł,Western Digital,WD121KFBX,718037866246,,"3.5""",12 TB,7200.0,256.0,https://www.amazon.ca/dp/B07RTMPWD8?tag=pckombo04b-20&linkCode=osi&th=1&psc=1
Western Digital Red Pro 14 TB,1121.12 zł,Western Digital,WD141KFGX,718037872858,,"3.5""",14 TB,7.2,512.0,https://www.amazon.ca/dp/B07YFGW736?tag=pckombo04b-20&linkCode=osi&th=1&psc=1
Western Digital Red Pro 16 TB,1203.16 zł,Western Digital,WD161KFGX,718037877662,,"3.5""",16 TB,7.2,512.0,https://www.amazon.ca/dp/B08K3VVKSW?tag=pckombo04b-20&linkCode=osi&th=1&psc=1
Western Digital Red Pro 18 TB,1230.53 zł,Western Digital,WD181KFGX,718037875729,,"3.5""",18 TB,7.2,512.0,https://www.amazon.ca/dp/B08K3TFM92?tag=pckombo04b-20&linkCode=osi&th=1&psc=1
Western Digital Red Pro 2 TB,300.77 zł,Western Digital,WD2002FFSX,718037835570,718037835570.0,"3.5""",2 TB,7200.0,64.0,https://www.amazon.ca/dp/B01FYXPGT2?tag=pckombo04b-20&linkCode=osi&th=1&psc=1
Western Digital Red Pro 4 TB,557.77 zł,Western Digital,WD4003FFBX,718037855967,718037855967.0,"3.5""",4 TB,7200.0,256.0,https://www.amazon.ca/dp/B07B1WK3N5?tag=pckombo04b-20&linkCode=osi&th=1&psc=1
Western Digital Red Pro 6 TB,735.56 zł,Western Digital,WD6003FFBX,718037855943,718037855943.0,"3.5""",6 TB,7200.0,256.0,https://www.amazon.ca/dp/B07B1HX5KN?tag=pckombo04b-20&linkCode=osi&th=1&psc=1
Western Digital Red Pro 8 TB,813.11 zł,Western Digital,WD8003FFBX,718037858425,,"3.5""",8 TB,7200.0,256.0,https://www.amazon.ca/dp/B07D3N95GS?tag=pckombo04b-20&linkCode=osi&th=1&psc=1
"Western Digital Red, Intellipower",739.26 zł,Western Digital,WD60EFRX,718037827582,718037827582.0,"3.5""",6 TB,5.4,64.0,https://www.amazon.ca/dp/B00LO3KR96?tag=pckombo04b-20&linkCode=osi&th=1&psc=1
Western Digital SE,,Western Digital,WD5001F9YZ,718037810676,,,5 TB,7200.0,,
