Name,Price,Producer,MPN,EAN,UPC,Form Factor,Protocol,Size,NAND,Controller,Product Page
Crucial P2 1000 GB,295.98 zł,Crucial,CT1000P2SSD8,649528823472,,M.2,NVM,1000 GB,TLC,Phison PS5013-E13T,https://www.amazon.ca/dp/B089DNM8LR?tag=pckombo04b-20&linkCode=osi&th=1&psc=1
ADATA XPG SX8200 Pro Series 2000 GB,820.39 zł,ADATA,ASX8200PNP-2TT-C,4710273772875,,M.2,NVM,2000 GB,TLC,Silicon Motion SM2262EN,https://www.amazon.ca/dp/B07TY2TN64?tag=pckombo04b-20&linkCode=osi&th=1&psc=1
ADATA XPG SX8200 Pro Series 512 GB,984.46 zł,ADATA,ASX8200PNP-512GT-C,4713218469458,,M.2,NVM,512 GB,TLC,Silicon Motion SM2262EN,https://www.amazon.ca/XPG-SX8200-Gen3x4-3000MB-ASX8200PNP-2TT-C/dp/B07TY2TN64?psc=1&SubscriptionId=AKIAI7B523DQIKTQ3BRQ&tag=pckombo04b-20&linkCode=xm2&camp=2025&creative=165953&creativeASIN=B07TY2TN64
ADATA XPG SX8200 Series,,ADATA,ASX8200NP-960GT-C,4713218463692,,M.2,NVM,960 GB,TLC,Silicon Motion SM2262,
ADATA XPG SX8200 Series,311.93 zł,ADATA,ASX8200NP-240GT-C,4713218463678,,M.2,NVM,240 GB,,Silicon Motion SM2262,https://www.amazon.ca/XPG-SX8200-240GB-Gen3x4-ASX8200NP-240GT-C/dp/B07BLNFSQN?psc=1&SubscriptionId=AKIAI7B523DQIKTQ3BRQ&tag=pckombo04b-20&linkCode=xm2&camp=2025&creative=165953&creativeASIN=B07BLNFSQN
ADATA XPG SX8200 Series,608.78 zł,ADATA,ASX8200NP-480GT-C,4713218463685,,M.2,NVM,480 GB,TLC,Silicon Motion SM2262,https://www.amazon.ca/dp/B07BLMP9ZT?tag=pckombo04b-20&linkCode=osi&th=1&psc=1
Corsair Force LE Series 240GB TLC,,Corsair,CSSD-F240GBLEB,843591071932,,SATA,SATA,240 GB,,,
Corsair MP400 1000 GB,464.88 zł,Corsair,CSSD-F1000GBMP400,840006623250,,M.2,NVM,1000 GB,QLC,PS5012-E12S,https://www.amazon.ca/dp/B08JV25ZL3?tag=pckombo04b-20&linkCode=osi&th=1&psc=1
Corsair MP400 2000 GB,,Corsair,CSSD-F2000GBMP400,840006623267,,M.2,NVM,2000 GB,QLC,PS5012-E12S,
Corsair MP400 4000 GB,2086.51 zł,Corsair,CSSD-F4000GBMP400,840006623274,,M.2,NVM,4000 GB,QLC,PS5012-E12S,https://www.amazon.ca/dp/B08JTQTWRM?tag=pckombo04b-20&linkCode=osi&th=1&psc=1
Corsair MP400 8000 GB,,Corsair,CSSD-F8000GBMP400,840006631392,,M.2,NVM,8000 GB,QLC,PS5012-E12S,
Corsair MP600 1000 GB,612.47 zł,Corsair,CSSD-F1000GBMP600,840006614517,,M.2,NVM,1000 GB,MLC,Phisons PS5016-E16,https://www.amazon.ca/dp/B07SQZYW2V?tag=pckombo04b-20&linkCode=osi&th=1&psc=1
Corsair MP600 2000 GB,935.22 zł,Corsair,CSSD-F2000GBMP600,840006614524,,M.2,NVM,2000 GB,MLC,Phisons PS5016-E16,https://www.amazon.ca/dp/B07SNGBW84?tag=pckombo04b-20&linkCode=osi&th=1&psc=1
Corsair MP600 500 GB,341.79 zł,Corsair,CSSD-F500GBMP600,840006614531,,M.2,NVM,500 GB,TLC,Phisons PS5016-E16,https://www.amazon.ca/dp/B07WS1BRX4?tag=pckombo04b-20&linkCode=osi&th=1&psc=1
Corsair MP600 Pro 1000 GB,355.55 zł,Corsair,CSSD-F1000GBMP600PRO,840006637325,,M.2,NVM,1000 GB,TLC,"Phison PS5018-E18, 8 Kanäle",https://www.amazon.ca/dp/B08T9ZNSFN?tag=pckombo04b-20&linkCode=osi&th=1&psc=1
Corsair MP600 Pro 2000 GB,552.83 zł,Corsair,CSSD-F2000GBMP600PRO,840006637349,,M.2,NVM,2000 GB,TLC,"Phison PS5018-E18, 8 Kanäle",https://www.amazon.ca/dp/B08T9ZY5SY?tag=pckombo04b-20&linkCode=osi&th=1&psc=1
Crucial MX500 1000 GB,224.35 zł,Crucial,CT1000MX500SSD1,649528785060,649528785060.0,SATA,SATA,1000 GB,TLC,Silicon Motion SM2258,https://www.amazon.ca/dp/B078211KBB?tag=pckombo04b-20&linkCode=osi&th=1&psc=1
Crucial MX500 2000 GB,423.79 zł,Crucial,CT2000MX500SSD1,649528785077,649528785077.0,SATA,SATA,2000 GB,TLC,Silicon Motion SM2258,https://www.amazon.ca/dp/B003J5JB12?tag=pckombo04b-20&linkCode=osi&th=1&psc=1
Crucial MX500 500 GB,136.66 zł,Crucial,CT500MX500SSD1,649528785053,649528785053.0,SATA,SATA,500 GB,TLC,Silicon Motion SM2258,https://www.amazon.ca/dp/B0786QNS9B?tag=pckombo04b-20&linkCode=osi&th=1&psc=1
Crucial P1,,Crucial,CT2000P1SSD8,4540395602251,,M.2,NVM,2000 GB,QLC,Silicon Motion SM2263EN,
Crucial P1 1000 GB,385.11 zł,Crucial,CT1000P1SSD8,649528787354,,M.2,NVM,1000 GB,QLC,Silicon Motion SM2263EN,https://www.amazon.ca/dp/B07J2Q4SWZ?tag=pckombo04b-20&linkCode=osi&th=1&psc=1
Crucial P1 500 GB,225.18 zł,Crucial,CT500P1SSD8,649528787347,649528787347.0,M.2,NVM,500 GB,QLC,Silicon Motion SM2263EN,https://www.amazon.ca/dp/B07J2WBKXF?tag=pckombo04b-20&linkCode=osi&th=1&psc=1
Crucial P2 250 GB,138.89 zł,Crucial,CT250P2SSD8,649528823410,,M.2,NVM,250 GB,TLC,Phison PS5013-E13T,https://www.amazon.ca/dp/B086BKGSC1?tag=pckombo04b-20&linkCode=osi&th=1&psc=1
Crucial P2 500 GB,137.19 zł,Crucial,CT500P2SSD8,649528823427,,M.2,NVM,500 GB,TLC,Phison PS5013-E13T,https://www.amazon.ca/dp/B086BGWNY8?tag=pckombo04b-20&linkCode=osi&th=1&psc=1
Gigabyte Aorus 2000 GB,1715.27 zł,Gigabyte,GP-ASM2NE6200TTTD,4719331805791,,M.2,NVM,2000 GB,TLC,Phison PS5016-E16,https://www.amazon.ca/GIGABYTE-PCI-Express-Interface-Performance-GP-ASM2NE6200TTTD/dp/B07TJX83W2?SubscriptionId=AKIAI7B523DQIKTQ3BRQ&tag=pckombo04b-20&linkCode=xm2&camp=2025&creative=165953&creativeASIN=B07TJX83W2
Intel 660P 2000 GB,1277.09 zł,Intel,SSDPEKNW020T8X1,735858381093,735858381529.0,M.2,NVM,2000 GB,QLC,Silicon Motion SM2263EN,https://www.amazon.ca/dp/B07GCLLKDC?tag=pckombo04b-20&linkCode=osi&th=1&psc=1
Intel 660P 512 GB,207.46 zł,Intel,SSDPEKNW512G8X1,735858381062,735858381499.0,M.2,NVM,512 GB,QLC,Silicon Motion SM2263EN,https://www.amazon.ca/dp/B07HJB3WLB?tag=pckombo04b-20&linkCode=osi&th=1&psc=1
Kingston SSDNow UV400 Series 240 GB,,Kingston,SUV400S37/240G,740617252897,,SATA,SATA,240 GB,TLC,Marvell 88SS1074,
Sabrent Rocket,,Sabrent,SB-ROCKET-2TB,840025210646,,M.2,NVM,2000 GB,TLC,Phison PS5012,
Sabrent Rocket,330.89 zł,Sabrent,SB-ROCKET-512,840025210622,,M.2,NVM,512 GB,TLC,Phison PS5012,https://www.amazon.ca/Sabrent-Rocket-Internal-Performance-SB-ROCKET-512/dp/B07KGMBCKD?psc=1&SubscriptionId=AKIAI7B523DQIKTQ3BRQ&tag=pckombo04b-20&linkCode=xm2&camp=2025&creative=165953&creativeASIN=B07KGMBCKD
Sabrent Rocket,369.16 zł,Sabrent,SB-ROCKET-1TB,840025210639,,M.2,NVM,1000 GB,TLC,Phison PS5012,https://www.amazon.ca/dp/B07LGF54XR?tag=pckombo04b-20&linkCode=osi&th=1&psc=1
Samsung 860 EVO Series 1000 GB,628.99 zł,SAMSUNG,MZ-76E1T0B/EU,8806088934884,,SATA,SATA,1000 GB,TLC,Samsung MJX,https://www.amazon.ca/dp/B078WST5RK?tag=pckombo04b-20&linkCode=osi&th=1&psc=1
Samsung 860 EVO Series 2000 GB,,SAMSUNG,MZ-76E2T0B/EU,8806088934860,,SATA,SATA,2000 GB,TLC,Samsung MJX,
Samsung 860 EVO Series 500 GB,493.57 zł,SAMSUNG,MZ-76E500B/EU,8806088936017,,SATA,SATA,500 GB,TLC,Samsung MJX,https://www.amazon.ca/dp/B078WQT6S6?tag=pckombo04b-20&linkCode=osi&th=1&psc=1
Samsung 860 QVO Series 1000 GB,,SAMSUNG,MZ-76Q1T0BW,8801643443757,887276286549.0,SATA,SATA,1000 GB,MLC,Samsung MJX,
Samsung 860 QVO Series 2000 GB,,SAMSUNG,MZ-76Q2T0BW,8801643443740,,SATA,SATA,2000 GB,MLC,Samsung MJX,
Samsung 860 QVO Series 4000 GB,,SAMSUNG,MZ-76Q4T0BW,8801643443733,887276286525.0,SATA,SATA,4000 GB,MLC,Samsung MJX,
Samsung 970 EVO,464.88 zł,SAMSUNG,MZ-V7E250BW,8801643205386,,M.2,NVM,250 GB,MLC,Samsung Phoenix,https://www.amazon.ca/Samsung-Internal-MZ-V7E250BW-Canada-Version/dp/B07BN5FJZQ?psc=1&SubscriptionId=AKIAI7B523DQIKTQ3BRQ&tag=pckombo04b-20&linkCode=xm2&camp=2025&creative=165953&creativeASIN=B07BN5FJZQ
Samsung 970 EVO,1804.85 zł,SAMSUNG,MZ-V7E2T0BW,8801643205362,,M.2,NVM,2000 GB,MLC,Samsung Phoenix,https://www.amazon.ca/Samsung-Internal-MZ-V7E2T0BW-Canada-Version/dp/B07C8Y31G1?psc=1&SubscriptionId=AKIAI7B523DQIKTQ3BRQ&tag=pckombo04b-20&linkCode=xm2&camp=2025&creative=165953&creativeASIN=B07C8Y31G1
Samsung 970 EVO 1000 GB,752.94 zł,SAMSUNG,MZ-V7E1T0BW,8801643205300,887276261898.0,M.2,NVM,1000 GB,MLC,Samsung Phoenix,https://www.amazon.ca/dp/B07CGJNLBB?tag=pckombo04b-20&linkCode=osi&th=1&psc=1
Samsung 970 EVO 500 GB,221.19 zł,SAMSUNG,MZ-V7E500BW,8801643205263,887276261881.0,M.2,NVM,500 GB,MLC,Samsung Phoenix,https://www.amazon.ca/dp/B07CGGP7SV?tag=pckombo04b-20&linkCode=osi&th=1&psc=1
Samsung 970 Evo Plus 1000 GB,546.91 zł,SAMSUNG,MZ-V7S1T0BW,8801643628086,,M.2,NVM,1000 GB,MLC,Samsung Phoenix,https://www.amazon.ca/dp/B07MBQPQ62?tag=pckombo04b-20&linkCode=osi&th=1&psc=1
Samsung 970 Evo Plus 2000 GB,1093.83 zł,SAMSUNG,MZ-V7S2T0BW,8801643628093,887276302539.0,M.2,NVM,2000 GB,MLC,Samsung Phoenix,https://www.amazon.ca/dp/B07MFZXR1B?tag=pckombo04b-20&linkCode=osi&th=1&psc=1
Samsung 980 PRO Series 1000 GB,,SAMSUNG,MZ-V8P1T0BW,8806090295546,,M.2,NVM,1000 GB,TLC,Samsung Elpis S4LV003,
Samsung 980 PRO Series 2000 GB,,SAMSUNG,MZ-V8P2T0BW,8806090696534,,M.2,NVM,2000 GB,TLC,Samsung Elpis S4LV003,
Samsung 980 PRO Series 500 GB,,SAMSUNG,MZ-V8P500BW,8806090295539,,M.2,NVM,500 GB,TLC,Samsung Elpis S4LV003,
Seagate FireCuda 520 1000 GB,,Seagate,ZP1000GM3A002,8719706020008,,M.2,NVM,1000 GB,TLC,Phison PS5012-E12 mit 8 Kanälen,
Seagate FireCuda 520 2000 GB,1265.66 zł,Seagate,ZP2000GM3A002,8719706019996,,M.2,NVM,2000 GB,TLC,Phison PS5012-E12 mit 8 Kanälen,https://www.amazon.ca/dp/B07ZPRPFQY?tag=pckombo04b-20&linkCode=osi&th=1&psc=1
Seagate FireCuda 520 500 GB,382.84 zł,Seagate,ZP500GM3A002,763649138274,,M.2,NVM,500 GB,TLC,Phison PS5012-E12 mit 8 Kanälen,https://www.amazon.ca/dp/B07ZPRQ4YM?tag=pckombo04b-20&linkCode=osi&th=1&psc=1
Western Digital Black SN750 NVMe M.2 Solid State Drive 1000 GB,404.71 zł,Western Digital,WDS100T3X0C,718037865393,,M.2,NVM,1000 GB,TLC,Sandisk,https://www.amazon.ca/dp/B07M64QXMN?tag=pckombo04b-20&linkCode=osi&th=1&psc=1
Western Digital Black SN750 NVMe M.2 Solid State Drive 2000 GB,697.30 zł,Western Digital,WDS200T3X0C,718037865379,,M.2,NVM,2000 GB,TLC,Sandisk,https://www.amazon.ca/dp/B07M9VXSXG?tag=pckombo04b-20&linkCode=osi&th=1&psc=1
Western Digital Black SN750 Solid State Drive 2000 GB,1531.37 zł,Western Digital,WDS200T3XHC,718037866635,,M.2,NVM,2000 GB,TLC,Sandisk,https://www.amazon.ca/dp/B07MLVK8K5?tag=pckombo04b-20&linkCode=osi&th=1&psc=1
Western Digital Black SN750 Solid State Drive 500 GB,321.24 zł,Western Digital,WDS500G3XHC,718037866642,,M.2,NVM,500 GB,TLC,Sandisk,https://www.amazon.ca/dp/B07MC2Q81D?tag=pckombo04b-20&linkCode=osi&th=1&psc=1
Western Digital Blue SN550 NVMe 1000 GB,352.72 zł,Western Digital,WDS100T2B0C,718037868738,,M.2,NVM,1000 GB,TLC,Western Digital,https://www.amazon.ca/dp/B07YFFX5MD?tag=pckombo04b-20&linkCode=osi&th=1&psc=1
Western Digital Blue SN550 NVMe 500 GB,191.40 zł,Western Digital,WDS500G2B0C,718037868752,,M.2,NVM,500 GB,TLC,Western Digital,https://www.amazon.ca/dp/B07YFF3JCN?tag=pckombo04b-20&linkCode=osi&th=1&psc=1
ADATA Gammix S11 Series,,ADATA,AGAMMIXS11-480GT-C,4713218465627,,M.2,NVM,480 GB,TLC,Silicon Motion SM2262,
ADATA Gammix S11 Series,,ADATA,AGAMMIXS11-240GT-C,4713218465610,,M.2,NVM,240 GB,TLC,Silicon Motion SM2262,
ADATA Gammix S11 Series,,ADATA,AGAMMIXS11-960GT-C,4713218465634,,M.2,NVM,960 GB,TLC,Silicon Motion SM2262,
ADATA Premier SP580,210.48 zł,ADATA,ASP580SS3-120GM-C,4712366966253,,SATA,SATA,120 GB,TLC,Marvel 88NV1120,https://www.amazon.ca/ADATA-SP580-120GB-Solid-ASP580SS3-120GM-C/dp/B01HODELZ0?SubscriptionId=AKIAI7B523DQIKTQ3BRQ&tag=pckombo04b-20&linkCode=xm2&camp=2025&creative=165953&creativeASIN=B01HODELZ0
ADATA XPG Gammix S50 Lite 1000 GB,,ADATA,AGAMMIXS50L-1TT-C,4710273778860,,M.2,NVM,1000 GB,TLC,Silicon Motion SM2267,
ADATA XPG Gammix S50 Lite 2000 GB,,ADATA,AGAMMIXS50L-2TT-C,4710273778877,,M.2,NVM,2000 GB,TLC,Silicon Motion SM2267,
ADATA XPG Spectrix S40G Series,,ADATA,AS40G-1TT-C,4710273771120,,M.2,NVM,1000 GB,TLC,Realtek,
ADATA XPG Spectrix S40G Series 2000 GB,,ADATA,AS40G-2TT-C,4710273773575,,M.2,NVM,2000 GB,TLC,Realtek,
ADATA XPG Spectrix S40G Series 4000 GB,,ADATA,AS40G-4TT-C,4710273776019,,M.2,NVM,4000 GB,TLC,Realtek,
ADATA XPG SX6000 Pro Series 1000 GB,,ADATA,ASX6000PNP-1TT-C,4713218469342,,M.2,NVM,1000 GB,TLC,Realtek RTS5763DL,
ADATA XPG SX6000 Pro Series 256 GB,,ADATA,ASX6000PNP-256GT-C,4713218469328,,M.2,NVM,256 GB,TLC,Realtek RTS5763DL,
ADATA XPG SX6000 Pro Series 512 GB,,ADATA,ASX6000PNP-512GT-C,4713218469335,,M.2,NVM,512 GB,TLC,Realtek RTS5763DL,
ADATA XPG SX6000 Series,,ADATA,ASX6000NP-1TT-C,4713218463050,,M.2,NVM,1000 GB,TLC,Realtek RTS5760,
ADATA XPG SX6000 Series,161.85 zł,ADATA,ASX6000NP-128GT-C,4713218461407,,M.2,NVM,128 GB,TLC,Realtek RTS5760,https://www.amazon.ca/ADATA-SX6000-128GB-Gen3x2-ASX6000NP-128GT-C/dp/B076ZWSW7X?psc=1&SubscriptionId=AKIAI7B523DQIKTQ3BRQ&tag=pckombo04b-20&linkCode=xm2&camp=2025&creative=165953&creativeASIN=B076ZWSW7X
ADATA XPG SX6000 Series,231.36 zł,ADATA,ASX6000NP-256GT-C,4713218461414,,M.2,NVM,256 GB,TLC,Realtek RTS5760,https://www.amazon.ca/ADATA-SX6000-256GB-Gen3x2-ASX6000NP-256GT-C/dp/B075Y4JN6W?psc=1&SubscriptionId=AKIAI7B523DQIKTQ3BRQ&tag=pckombo04b-20&linkCode=xm2&camp=2025&creative=165953&creativeASIN=B075Y4JN6W
ADATA XPG SX6000 Series,537.56 zł,ADATA,ASX6000NP-512GT-C,4713218461421,,M.2,NVM,512 GB,TLC,Realtek RTS5760,https://www.amazon.ca/dp/B075Y23Y37?tag=pckombo04b-20&linkCode=osi&th=1&psc=1
ADATA XPG SX8200 Pro Series 1000 GB,527.88 zł,ADATA,ASX8200PNP-1TT-C,4713218469465,,M.2,NVM,1000 GB,TLC,Silicon Motion SM2262EN,https://www.amazon.ca/dp/B07K1J3C23?tag=pckombo04b-20&linkCode=osi&th=1&psc=1
ADATA XPG SX8200 Pro Series 256 GB,,ADATA,ASX8200PNP-256GT-C,4713218469441,,M.2,NVM,256 GB,TLC,Silicon Motion SM2262EN,
Avexir S100,,Avexir,AVSSDS100Z3-480GB,711811367700,,SATA,SATA,480 GB,MLC,JMicron JMF670H,
Avexir S100,,Avexir,AVSSDS100Z1-240GB,711811367632,,SATA,SATA,240 GB,MLC,JMicron JMF670H,
Avexir S100,,Avexir,AVSSDS100Z1-480GB,711811367649,,SATA,SATA,480 GB,MLC,JMicron JMF670H,
Avexir S100,,Avexir,AVSSDS100Z4-240GB,711811367724,,SATA,SATA,240 GB,MLC,JMicron JMF670H,
Avexir S100,,Avexir,AVSSDS100Z4-480GB,711811367731,,SATA,SATA,480 GB,MLC,JMicron JMF670H,
Corsair Force LE Series 480GB TLC,,Corsair,CSSD-F480GBLEB,843591071949,,SATA,SATA,480 GB,,,
Corsair Force Series LE,,Corsair,CSSD-F120GBLE200,843591096744,,SATA,SATA,120 GB,,,
Corsair Force Series LE,,Corsair,CSSD-F960GBLEB,843591071956,,SATA,SATA,960 GB,TLC,,
Corsair Force Series LE,172.40 zł,Corsair,CSSD-F120GBLE200B,843591022934,,SATA,SATA,120 GB,TLC,,https://www.amazon.ca/Corsair-Memory-Force-inches-CSSD-F120GBLE200B/dp/B06WVWN6DZ?SubscriptionId=AKIAI7B523DQIKTQ3BRQ&tag=pckombo04b-20&linkCode=xm2&camp=2025&creative=165953&creativeASIN=B06WVWN6DZ
Corsair Force Series LS,,Corsair,CSSD-F480GBLSB,843591058483,,SATA,SATA,480 GB,MLC,Phison PS3108,
Corsair Force Series LS,,Corsair,CSSD-F240GBLSB,843591058476,,SATA,SATA,240 GB,MLC,Phison PS3109,
Corsair Force Series LS,162.26 zł,Corsair,CSSD-F120GBLSB,843591058469,,SATA,SATA,120 GB,MLC,Phison PS3109,https://www.amazon.ca/Corsair-Force-120-2-5-Inch-CSSD-F120GBLSB/dp/B00V5M1NRG?psc=1&SubscriptionId=AKIAI7B523DQIKTQ3BRQ&tag=pckombo04b-20&linkCode=xm2&camp=2025&creative=165953&creativeASIN=B00V5M1NRG
Corsair Force Series LS,1218.99 zł,Corsair,CSSD-F960GBLSB,843591058490,,SATA,SATA,960 GB,MLC,Phison PS3108,https://www.amazon.ca/Corsair-Force-960-2-5-Inch-CSSD-F960GBLSB/dp/B00V5M2DQQ?psc=1&SubscriptionId=AKIAI7B523DQIKTQ3BRQ&tag=pckombo04b-20&linkCode=xm2&camp=2025&creative=165953&creativeASIN=B00V5M2DQQ
Corsair Force Series MP500 120GB MLC NVMe,304.01 zł,Corsair,CSSD-F120GBMP500,843591096713,,M.2,NVM,120 GB,,,https://www.amazon.ca/Corsair-Force-MP500-Internal-CSSD-F120GBMP500/dp/B01MQU72O9?psc=1&SubscriptionId=AKIAI7B523DQIKTQ3BRQ&tag=pckombo04b-20&linkCode=xm2&camp=2025&creative=165953&creativeASIN=B01MQU72O9
Corsair Force Series MP500 240GB MLC NVMe,529.76 zł,Corsair,CSSD-F240GBMP500,843591096720,,M.2,NVM,240 GB,,,https://www.amazon.ca/Corsair-Force-MP500-Internal-CSSD-F240GBMP500/dp/B01N4C44VN?psc=1&SubscriptionId=AKIAI7B523DQIKTQ3BRQ&tag=pckombo04b-20&linkCode=xm2&camp=2025&creative=165953&creativeASIN=B01N4C44VN
Corsair Force Series MP500 480GB MLC NVMe,546.91 zł,Corsair,CSSD-F480GBMP500,843591096737,,M.2,NVM,480 GB,,,https://www.amazon.ca/Corsair-Force-MP500-Internal-CSSD-F480GBMP500/dp/B01N7GDWE2?psc=1&SubscriptionId=AKIAI7B523DQIKTQ3BRQ&tag=pckombo04b-20&linkCode=xm2&camp=2025&creative=165953&creativeASIN=B01N7GDWE2
Corsair Force Series MP510 240 GB,185.94 zł,Corsair,CSSD-F240GBMP510,843591024334,,M.2,NVM,240 GB,TLC,PS5012-E12,https://www.amazon.ca/dp/B07JW49VZD?tag=pckombo04b-20&linkCode=osi&th=1&psc=1
Corsair Force Series MP510 480 GB,183.67 zł,Corsair,CSSD-F480GBMP510B,840006623052,,M.2,NVM,480 GB,TLC,PS5012-E12,https://www.amazon.ca/dp/B084ZW96N8?tag=pckombo04b-20&linkCode=osi&th=1&psc=1
Corsair Force Series MP510 480 GB,327.65 zł,Corsair,CSSD-F480GBMP510,843591024341,,M.2,NVM,480 GB,TLC,PS5012-E12,https://www.amazon.ca/dp/B07HR83J4S?tag=pckombo04b-20&linkCode=osi&th=1&psc=1
Corsair Force Series MP510 960 GB,363.13 zł,Corsair,CSSD-F960GBMP510B,840006623069,,M.2,NVM,960 GB,TLC,PS5012-E12,https://www.amazon.ca/dp/B084ZWC796?tag=pckombo04b-20&linkCode=osi&th=1&psc=1
Corsair MP400 R2 1000 GB,393.74 zł,Corsair,CSSD-F1000GBMP400R2,840006644750,,M.2,NVM,1000 GB,QLC,PS5012-E12S,https://www.amazon.ca/dp/B094412586?tag=pckombo04b-20&linkCode=osi&th=1&psc=1
Corsair MP400 R2 2000 GB,707.93 zł,Corsair,CSSD-F2000GBMP400R2,840006644767,,M.2,NVM,2000 GB,QLC,PS5012-E12S,https://www.amazon.ca/dp/B094412RJX?tag=pckombo04b-20&linkCode=osi&th=1&psc=1
Corsair MP400 R2 4000 GB,2034.56 zł,Corsair,CSSD-F4000GBMP400R2,840006656739,,M.2,NVM,4000 GB,QLC,PS5012-E12S,https://www.amazon.ca/dp/B09JGDZCR1?tag=pckombo04b-20&linkCode=osi&th=1&psc=1
Corsair MP600 Core 1000 GB,434.76 zł,Corsair,CSSD-F1000GBMP600COR,840006635246,,M.2,NVM,1000 GB,TLC,Phison PS5016-E16,https://www.amazon.ca/dp/B08TB1R595?tag=pckombo04b-20&linkCode=osi&th=1&psc=1
Corsair MP600 Core 2000 GB,894.55 zł,Corsair,CSSD-F2000GBMP600COR,840006635253,,M.2,NVM,2000 GB,TLC,Phison PS5016-E16,https://www.amazon.ca/dp/B08TB1D2WC?tag=pckombo04b-20&linkCode=osi&th=1&psc=1
Corsair MP600 Core 4000 GB,1982.61 zł,Corsair,CSSD-F4000GBMP600COR,840006635260,,M.2,NVM,4000 GB,QLC,Phison PS5016-E16,https://www.amazon.ca/dp/B08TB1PJBT?tag=pckombo04b-20&linkCode=osi&th=1&psc=1
Corsair MP600 GS 1000 GB,280.87 zł,Corsair,CSSD-F1000GBMP600GS,840006697190,,M.2,NVM,1000 GB,3D TLC,Phison PS2021-E21T,https://www.amazon.ca/dp/B0BJKVTQGK?tag=pckombo04b-20&linkCode=osi&th=1&psc=1
Corsair MP600 GS 2000 GB,676.15 zł,Corsair,CSSD-F2000GBMP600GS,840006697213,,M.2,NVM,2000 GB,3D TLC,Phison PS2021-E21T,https://www.amazon.ca/dp/B0BJKVNB38?tag=pckombo04b-20&linkCode=osi&th=1&psc=1
Corsair MP600 GS 500 GB,164.07 zł,Corsair,CSSD-F0500GBMP600GS,840006697176,,M.2,NVM,500 GB,3D TLC,Phison PS2021-E21T,https://www.amazon.ca/dp/B0BJKVMDNP?tag=pckombo04b-20&linkCode=osi&th=1&psc=1
Corsair MP600 Pro Hydro X Edition 2000 GB,1487.64 zł,Corsair,CSSD-F2000GBMP600HXE,840006637332,,M.2,NVM,2000 GB,TLC,"Phison PS5018-E18, 8 Kanäle",https://www.amazon.ca/dp/B08TB29VRS?tag=pckombo04b-20&linkCode=osi&th=1&psc=1
Corsair MP600 Pro LPX 1000 GB,273.44 zł,Corsair,CSSD-F1000GBMP600PLP,840006657781,,M.2,NVM,1000 GB,TLC,"Phison PS5018-E18, 8 Kanäle",https://www.amazon.ca/dp/B09Q2MW21F?tag=pckombo04b-20&linkCode=osi&th=1&psc=1
Corsair MP600 Pro LPX 2000 GB,533.23 zł,Corsair,CSSD-F2000GBMP600PLP,840006657798,,M.2,NVM,2000 GB,TLC,"Phison PS5018-E18, 8 Kanäle",https://www.amazon.ca/dp/B09Q2NCFS7?tag=pckombo04b-20&linkCode=osi&th=1&psc=1
Corsair MP600 Pro LPX 4000 GB,1039.16 zł,Corsair,CSSD-F4000GBMP600PLP,840006657804,,M.2,NVM,4000 GB,TLC,"Phison PS5018-E18, 8 Kanäle",https://www.amazon.ca/dp/B09Q2N9QGQ?tag=pckombo04b-20&linkCode=osi&th=1&psc=1
Corsair MP600 Pro LPX 500 GB,191.40 zł,Corsair,CSSD-F0500GBMP600PLP,840006657774,,M.2,NVM,500 GB,TLC,"Phison PS5018-E18, 8 Kanäle",https://www.amazon.ca/dp/B09Q2NL53M?tag=pckombo04b-20&linkCode=osi&th=1&psc=1
Corsair MP600 Pro NH 1000 GB,287.12 zł,Corsair,CSSD-F1000GBMP600PNH,840006697206,,M.2,NVM,1000 GB,3D TLC,Phison PS2018-E18,https://www.amazon.ca/dp/B0BJKXXW9X?tag=pckombo04b-20&linkCode=osi&th=1&psc=1
Corsair MP600 Pro NH 2000 GB,,Corsair,CSSD-F2000GBMP600PNH,840006697220,,M.2,NVM,2000 GB,3D TLC,Phison PS2018-E18,
Corsair MP600 Pro NH 4000 GB,3226.89 zł,Corsair,CSSD-F4000GBMP600PNH,840006697237,,M.2,NVM,4000 GB,3D TLC,Phison PS2018-E18,https://www.amazon.ca/dp/B0BJKV2MZ6?tag=pckombo04b-20&linkCode=osi&th=1&psc=1
Corsair MP600 Pro XT 1000 GB,273.44 zł,Corsair,CSSD-F1000GBMP600PXT,840006645085,,M.2,NVM,1000 GB,TLC,Phison PS5018-E18,https://www.amazon.ca/dp/B09F5Z6BJ6?tag=pckombo04b-20&linkCode=osi&th=1&psc=1
Corsair MP600 Pro XT 2000 GB,478.53 zł,Corsair,CSSD-F2000GBMP600PXT,840006645092,,M.2,NVM,2000 GB,TLC,Phison PS5018-E18,https://www.amazon.ca/dp/B09F5X8ZMY?tag=pckombo04b-20&linkCode=osi&th=1&psc=1
Corsair MP600 Pro XT 4000 GB,1931.33 zł,Corsair,CSSD-F4000GBMP600PXT,840006645108,,M.2,NVM,4000 GB,TLC,Phison PS5018-E18,https://www.amazon.ca/dp/B09F5XC93H?tag=pckombo04b-20&linkCode=osi&th=1&psc=1
Corsair MP600 R2 1000 GB,259.75 zł,Corsair,CSSD-F1000GBMP600R2,840006656753,,M.2,NVM,1000 GB,3D TLC,Phisons PS5016-E16,https://www.amazon.ca/dp/B09M8PRGPT?tag=pckombo04b-20&linkCode=osi&th=1&psc=1
Corsair Neutron Series XTi,,Corsair,CSSD-N480GBXTI,843591091329,,SATA,SATA,480 GB,MLC,Phison PS3110-S10,
Corsair Neutron Series XTi,,Corsair,CSSD-N960GBXTI,843591091336,,SATA,SATA,960 GB,MLC,Phison PS3110-S10,
Corsair Neutron Series XTi,,Corsair,CSSD-N240GBXTI,843591091312,,SATA,SATA,240 GB,MLC,Phison PS3110-S10,
Corsair Neutron Series XTi,3212.94 zł,Corsair,CSSD-N1920GBXTI,843591091435,,SATA,SATA,1920 GB,MLC,Phison PS3110-S10,https://www.amazon.ca/Corsair-Memory-Neutron-1920GB-CSSD-N1920GBXTI/dp/B01JKI686M?SubscriptionId=AKIAI7B523DQIKTQ3BRQ&tag=pckombo04b-20&linkCode=xm2&camp=2025&creative=165953&creativeASIN=B01JKI686M
Crucial BX500 - 1 TB 1000 GB,191.33 zł,Crucial,CT1000BX500SSD1,649528821553,,SATA,SATA,1000 GB,TLC,Silicon Motion SM2259XT,https://www.amazon.ca/dp/B07YD579WM?tag=pckombo04b-20&linkCode=osi&th=1&psc=1
Crucial BX500 - 120 GB 120 GB,101.15 zł,Crucial,CT120BX500SSD1,649528787316,,SATA,SATA,120 GB,TLC,Silicon Motion SM2258XT,https://www.amazon.ca/dp/B07G3KRZBY?tag=pckombo04b-20&linkCode=osi&th=1&psc=1
Crucial BX500 - 2 TB 2000 GB,364.45 zł,Crucial,CT2000BX500SSD1,649528821584,,SATA,SATA,2000 GB,TLC,Silicon Motion SM2259XT,https://www.amazon.ca/dp/B07YD5F561?tag=pckombo04b-20&linkCode=osi&th=1&psc=1
Crucial BX500 - 240 GB 240 GB,95.68 zł,Crucial,CT240BX500SSD1,649528787323,,SATA,SATA,240 GB,TLC,Silicon Motion SM2258XT,https://www.amazon.ca/dp/B07G3YNLJB?tag=pckombo04b-20&linkCode=osi&th=1&psc=1
Crucial BX500 - 480 GB 480 GB,122.98 zł,Crucial,CT480BX500SSD1,649528787330,,SATA,SATA,480 GB,TLC,Silicon Motion SM2258XT,https://www.amazon.ca/dp/B07G3KGYZQ?tag=pckombo04b-20&linkCode=osi&th=1&psc=1
Crucial BX500 - 960 GB 960 GB,,Crucial,CT960BX500SSD1,649528788368,,SATA,SATA,960 GB,TLC,Silicon Motion SM2259XT,
Crucial MX300,252.29 zł,Crucial,CT275MX300SSD1,649528777195,,SATA,SATA,275 GB,TLC,Marvell 88SS1074,https://www.amazon.ca/Crucial-MX300-275GB-NAND-Internal/dp/B01IAGSD5O?psc=1&SubscriptionId=AKIAI7B523DQIKTQ3BRQ&tag=pckombo04b-20&linkCode=xm2&camp=2025&creative=165953&creativeASIN=B01IAGSD5O
Crucial MX300,494.96 zł,Crucial,CT525MX300SSD1,649528777201,,SATA,SATA,525 GB,TLC,Marvell 88SS1074,https://www.amazon.ca/Crucial-MX300-525GB-NAND-Internal/dp/B01IAGSD68?psc=1&SubscriptionId=AKIAI7B523DQIKTQ3BRQ&tag=pckombo04b-20&linkCode=xm2&camp=2025&creative=165953&creativeASIN=B01IAGSD68
Crucial MX300,740.28 zł,Crucial,CT1050MX300SSD1,4540395601667,,SATA,SATA,1000 GB,TLC,Marvell 88SS1074,https://www.amazon.ca/Crucial-MX300-NAND-SATA-Internal/dp/B01IAGSDUE?psc=1&SubscriptionId=AKIAI7B523DQIKTQ3BRQ&tag=pckombo04b-20&linkCode=xm2&camp=2025&creative=165953&creativeASIN=B01IAGSDUE
Crucial MX300,1213.71 zł,Crucial,CT2050MX300SSD1,649528778284,,SATA,SATA,2000 GB,TLC,Marvell 88SS1074,https://www.amazon.ca/Crucial-MX300-NAND-SATA-Internal/dp/B01KKZLX46?psc=1&SubscriptionId=AKIAI7B523DQIKTQ3BRQ&tag=pckombo04b-20&linkCode=xm2&camp=2025&creative=165953&creativeASIN=B01KKZLX46
Crucial MX300 275GB TLC,382.84 zł,Crucial,CT275MX300SSD4,649528778291,,M.2,SATA,275 GB,,,https://www.amazon.ca/Crucial-MX300-275GB-NAND-Internal/dp/B01IAGSDJ0?psc=1&SubscriptionId=AKIAI7B523DQIKTQ3BRQ&tag=pckombo04b-20&linkCode=xm2&camp=2025&creative=165953&creativeASIN=B01IAGSDJ0
Crucial MX300 M.2 Solid State Drive,516.68 zł,Crucial,CT525MX300SSD4,649528778307,,M.2,SATA,525 GB,TLC,Marvell 88SS1074,https://www.amazon.ca/Crucial-MX300-525GB-NAND-Internal/dp/B01L80DH4G?psc=1&SubscriptionId=AKIAI7B523DQIKTQ3BRQ&tag=pckombo04b-20&linkCode=xm2&camp=2025&creative=165953&creativeASIN=B01L80DH4G
Crucial MX300 M.2 Solid State Drive,658.51 zł,Crucial,CT1050MX300SSD4,4540395601704,,M.2,SATA,1000 GB,,,https://www.amazon.ca/Crucial-MX300-NAND-SATA-Internal/dp/B01L80DH1Y?psc=1&SubscriptionId=AKIAI7B523DQIKTQ3BRQ&tag=pckombo04b-20&linkCode=xm2&camp=2025&creative=165953&creativeASIN=B01L80DH1Y
Crucial MX500 250 GB,143.94 zł,Crucial,CT250MX500SSD1,649528785046,649528785046.0,SATA,SATA,250 GB,TLC,Silicon Motion SM2258,https://www.amazon.ca/dp/B0781VSXBP?tag=pckombo04b-20&linkCode=osi&th=1&psc=1
Crucial MX500 M.2 Solid State Drive 1000 GB,401.24 zł,Crucial,CT1000MX500SSD4,649528785107,649528785107.0,M.2,SATA,1000 GB,TLC,Silicon Motion SM2258,https://www.amazon.ca/dp/B0784SY515?tag=pckombo04b-20&linkCode=osi&th=1&psc=1
Crucial MX500 M.2 Solid State Drive 250 GB,188.69 zł,Crucial,CT250MX500SSD4,649528785084,649528785084.0,M.2,SATA,250 GB,TLC,Silicon Motion SM2258,https://www.amazon.ca/dp/B077SL4FZG?tag=pckombo04b-20&linkCode=osi&th=1&psc=1
Crucial MX500 M.2 Solid State Drive 500 GB,300.77 zł,Crucial,CT500MX500SSD4,649528785091,649528785091.0,M.2,SATA,500 GB,TLC,Silicon Motion SM2258,https://www.amazon.ca/dp/B077SQ8J1V?tag=pckombo04b-20&linkCode=osi&th=1&psc=1
Crucial P5 1000 GB,410.18 zł,Crucial,CT1000P5SSD8,649528823311,,M.2,NVM,1000 GB,TLC,Micron,https://www.amazon.ca/dp/B087QRVVVH?tag=pckombo04b-20&linkCode=osi&th=1&psc=1
Crucial P5 2000 GB,946.31 zł,Crucial,CT2000P5SSD8,649528823328,,M.2,NVM,2000 GB,TLC,Micron,https://www.amazon.ca/dp/B0892TWDP1?tag=pckombo04b-20&linkCode=osi&th=1&psc=1
Crucial P5 250 GB,191.40 zł,Crucial,CT250P5SSD8,649528823236,,M.2,NVM,250 GB,TLC,Micron,https://www.amazon.ca/dp/B0892TH611?tag=pckombo04b-20&linkCode=osi&th=1&psc=1
Crucial P5 500 GB,259.75 zł,Crucial,CT500P5SSD8,649528823304,,M.2,NVM,500 GB,TLC,Micron,https://www.amazon.ca/dp/B087QTMXS7?tag=pckombo04b-20&linkCode=osi&th=1&psc=1
Crucial P5 Plus 1000 GB,334.14 zł,Crucial,CT1000P5PSSD8,649528906663,,M.2,NVM,1000 GB,TLC,Micron,https://www.amazon.ca/dp/B098WL46RS?tag=pckombo04b-20&linkCode=osi&th=1&psc=1
Crucial P5 Plus 2000 GB,685.12 zł,Crucial,CT2000P5PSSD8,649528906670,,M.2,NVM,2000 GB,TLC,Micron,https://www.amazon.ca/dp/B098WKQRDL?tag=pckombo04b-20&linkCode=osi&th=1&psc=1
Crucial P5 Plus 500 GB,232.80 zł,Crucial,CT500P5PSSD8,649528906656,,M.2,NVM,500 GB,TLC,Micron,https://www.amazon.ca/dp/B098W1NDV2?tag=pckombo04b-20&linkCode=osi&th=1&psc=1
Gigabyte,,Gigabyte,GP-GSM2NE8512GNTD,4719331804282,,M.2,NVM,512 GB,TLC,Phison PS5008-E8T/li>,
Gigabyte 1000 GB,,Gigabyte,GP-GSTFS31100TNTD,4719331804565,889523015575.0,SATA,SATA,1000 GB,TLC,,
Gigabyte 1000 GB,,Gigabyte,GP-GSM2NE3100TNTD,4719331806897,,M.2,NVM,1000 GB,,,
Gigabyte 120 GB,108.54 zł,Gigabyte,GP-GSTFS31120GNTD,4719331803704,889523014264.0,SATA,SATA,120 GB,,,https://www.amazon.ca/Gigabyte-GIGABYTE-120GB-Flash-Internal/dp/B07GJKR7RX?psc=1&SubscriptionId=AKIAI7B523DQIKTQ3BRQ&tag=pckombo04b-20&linkCode=xm2&camp=2025&creative=165953&creativeASIN=B07GJKR7RX
Gigabyte 128 GB,,Gigabyte,GP-GSM2NE3128GNTD,4719331806866,,M.2,NVM,128 GB,,,
Gigabyte 240 GB,154.98 zł,Gigabyte,GP-GSTFS31240GNTD,4719331803711,889523014271.0,SATA,SATA,240 GB,,,https://www.amazon.ca/dp/B07G5RD1XK?tag=pckombo04b-20&linkCode=osi&th=1&psc=1
Gigabyte 256 GB,,Gigabyte,GP-GSTFS31256GTND,4719331804329,,SATA,SATA,256 GB,,,
Gigabyte 256 GB,,Gigabyte,GP-GSM2NE3256GNTD,4719331806873,,M.2,NVM,256 GB,,,
Gigabyte 480 GB,246.11 zł,Gigabyte,GP-GSTFS31480GNTD,4719331804787,889523015896.0,SATA,SATA,480 GB,,,https://www.amazon.ca/dp/B07QJ756H8?tag=pckombo04b-20&linkCode=osi&th=1&psc=1
Gigabyte 512 GB,311.14 zł,Gigabyte,GP-GSM2NE3512GNTD,4719331806880,,M.2,NVM,512 GB,,,https://www.amazon.ca/Gigabyte-NVMe-3-0x4-512GB-GP-GSM2NE3512GNTD/dp/B07Z9YFX2S?SubscriptionId=AKIAI7B523DQIKTQ3BRQ&tag=pckombo04b-20&linkCode=xm2&camp=2025&creative=165953&creativeASIN=B07Z9YFX2S
Gigabyte Aorus 1000 GB,1085.84 zł,Gigabyte,GP-ASM2NE6100TTTD,4719331805784,,M.2,NVM,1000 GB,TLC,Phison PS5016-E16,https://www.amazon.ca/GIGABYTE-PCI-Express-Interface-Performance-GP-ASM2NE6100TTTD/dp/B07TJWZGL9?SubscriptionId=AKIAI7B523DQIKTQ3BRQ&tag=pckombo04b-20&linkCode=xm2&camp=2025&creative=165953&creativeASIN=B07TJWZGL9
Gigabyte Aorus 256 GB,332.55 zł,Gigabyte,GP-ASM2NE2256GTTDR,4719331804794,,M.2,NVM,256 GB,TLC,Phison PS5012-E12,https://www.amazon.ca/GIGABYTE-AORUS-Nvme-256GB-GP-ASM2NE2256GTTDR/dp/B07PF1SBBS?SubscriptionId=AKIAI7B523DQIKTQ3BRQ&tag=pckombo04b-20&linkCode=xm2&camp=2025&creative=165953&creativeASIN=B07PF1SBBS
Gigabyte Aorus 512 GB,404.82 zł,Gigabyte,GP-ASM2NE2512GTTDR,4719331804800,,M.2,NVM,512 GB,TLC,Phison PS5012-E12,https://www.amazon.ca/dp/B07QBVWCQL?tag=pckombo04b-20&linkCode=osi&th=1&psc=1
Gigabyte UD PRO Series 1000 GB,,Gigabyte,GP-UDPRO1T,4719331808631,,SATA,SATA,1000 GB,TLC,,
Gigabyte UD Pro Series 256 GB,230.87 zł,Gigabyte,GP-GSTFS30256GTTD,4719331803278,,SATA,SATA,256 GB,TLC,Phison PS3110-S10 (8 Kanäle),https://www.amazon.ca/GIGABYTE-256GB-Layer-Flash-Internal/dp/B07D9C7SQR?psc=1&SubscriptionId=AKIAI7B523DQIKTQ3BRQ&tag=pckombo04b-20&linkCode=xm2&camp=2025&creative=165953&creativeASIN=B07D9C7SQR
Gigabyte UD PRO Series 512 GB,,Gigabyte,GP-UDPRO512G,4719331808648,,SATA,SATA,512 GB,TLC,,
Gigabyte UD PRO Series 512 GB,385.26 zł,Gigabyte,GP-GSTFS30512GTTD,4719331803476,,SATA,SATA,512 GB,TLC,,https://www.amazon.ca/GIGABYTE-512GB-Layer-Flash-Internal/dp/B07D9686LD?psc=1&SubscriptionId=AKIAI7B523DQIKTQ3BRQ&tag=pckombo04b-20&linkCode=xm2&camp=2025&creative=165953&creativeASIN=B07D9686LD
HyperX Fury Series,,HyperX,SHFS37A/120G,740617232455,,SATA,SATA,120 GB,MLC,SandForce SF-2281,
HyperX Fury Series,,HyperX,SHFS37A/240G,740617232479,,SATA,SATA,240 GB,MLC,SandForce SF-2281,
HyperX Fury Series,,HyperX,SHFS37A/480G,740617253252,,SATA,SATA,480 GB,MLC,SandForce SF-2281,
HyperX Predator Solid State Drive,,HyperX,SHPM2280P2/240G,740617237429,,M.2,NVM,240 GB,MLC,Marvell 88SS9293,
HyperX Predator Solid State Drive,,HyperX,SHPM2280P2/480G,740617237443,,M.2,NVM,480 GB,MLC,Marvell 88SS9293,
HyperX Savage Series,,HyperX,SHSS37A/120G,740617239812,,SATA,SATA,120 GB,,,
HyperX Savage Series,,HyperX,SHSS37A/480G,740617239850,,SATA,SATA,480 GB,MLC,Phison PS3110-S10,
HyperX Savage Series,,HyperX,SHSS37A/240G,740617239836,,SATA,SATA,240 GB,MLC,Phison PS3110-S10,
HyperX Savage Series,1427.62 zł,HyperX,SHSS37A/960G,740617239874,,SATA,SATA,960 GB,MLC,Phison PS3110-S10,https://www.amazon.ca/Kingston-HyperX-Savage-SHSS37A-960G/dp/B00W35L2A2?SubscriptionId=AKIAI7B523DQIKTQ3BRQ&tag=pckombo04b-20&linkCode=xm2&camp=2025&creative=165953&creativeASIN=B00W35L2A2
Intel DC S3510 Serie 120GB,,Intel,SSDSC2BB120G601,735858296236,,SATA,SATA,120 GB,,,
Intel DC S3510 Serie 480GB,,Intel,SSDSC2BB480G601,735858296274,,SATA,SATA,480 GB,,,
Intel DC S3510 Serie 800GB,,Intel,SSDSC2BB800G601,735858296298,735858296298.0,SATA,SATA,800 GB,,,
Intel DC S3710 Serie 200GB,,Intel,SSDSC2BA200G401,735858287760,735858287760.0,SATA,SATA,200 GB,,,
Intel DC S3710 Serie 400GB,,Intel,SSDSC2BA400G401,735858287784,735858287784.0,SATA,SATA,400 GB,,,
Intel 535 Series 120GB MLC -,,Intel,SSDSCKJW120H601,675901332941,,M.2,SATA,120 GB,,,
Intel 540s Series,,Intel,SSDSC2KW010X6X1,5032037084659,,SATA,SATA,1000 GB,,,
Intel 540s Series,,Intel,SSDSC2KW120H6X1,5032037084765,,SATA,SATA,120 GB,TLC,Silicon Motion SM2256,
Intel 540s Series,,Intel,SSDSC2KW180H6X1,5032037084574,,SATA,SATA,180 GB,TLC,Silicon Motion SM2256,
Intel 540s Series,,Intel,SSDSC2KW360H6X1,5032037084611,,SATA,SATA,360 GB,TLC,Silicon Motion SM2256,
Intel 540s Series,,Intel,SSDSC2KW480H6X1,5032037084635,,SATA,SATA,480 GB,TLC,Silicon Motion SM2256,
Intel 540s Series,,Intel,SSDSC2KW240H6X1,5032037084598,,SATA,SATA,240 GB,TLC,Silicon Motion SM2256,
Intel 540s Series 240GB TLC -,,Intel,SSDSCKKW240H6X1,5032037084475,,M.2,SATA,240 GB,,,
Intel 540s Series Solid State Drive,,Intel,SSDSCKKW360H6X1,5032037084499,,M.2,SATA,360 GB,TLC,Silicon Motion SM2256,
Intel 540s Series Solid State Drive,,Intel,SSDSCKKW120H6X1,5032037084789,,M.2,SATA,120 GB,TLC,Silicon Motion SM2256,
Intel 540s Series Solid State Drive,,Intel,SSDSCKKW480H6X1,5032037084512,,M.2,SATA,480 GB,TLC,Silicon Motion SM2256,
Intel 540s Series Solid State Drive,,Intel,SSDSCKKW180H6X1,5032037084451,,M.2,SATA,180 GB,TLC,Silicon Motion SM2256,
Intel 540s Series Solid State Drive,1224.50 zł,Intel,SSDSCKKW010X6X1,5032037084536,,M.2,SATA,1000 GB,,,https://www.amazon.ca/Intel-Solid-Stata-Drive-SSDSCKKW010X6X1/dp/B01C786L4G?SubscriptionId=AKIAI7B523DQIKTQ3BRQ&tag=pckombo04b-20&linkCode=xm2&camp=2025&creative=165953&creativeASIN=B01C786L4G
Intel 600P Series,,Intel,SSDPEKKW010T7X1,675901401401,,M.2,NVM,1000 GB,,,
Intel 600P Series,,Intel,SSDPEKKW512G7X1,5032037087797,735858318280.0,M.2,NVM,512 GB,TLC,Silicon Motion SM2260,
Intel 600P Series,,Intel,SSDPEKKW256G7X1,5032037087773,735858318266.0,M.2,NVM,256 GB,TLC,Silicon Motion SM2260,
Intel 600P Series,,Intel,SSDPEKKW128G7X1,5032037087759,,M.2,NVM,128 GB,TLC,Silicon Motion SM2260,
Intel 660P Series,413.61 zł,Intel,SSDPEKNW010T8X1,735858381086,735858381512.0,M.2,NVM,1000 GB,QLC,Silicon Motion SM2263EN,https://www.amazon.ca/dp/B07GCL6BR4?tag=pckombo04b-20&linkCode=osi&th=1&psc=1
Intel 760p Series,352.19 zł,Intel,SSDPEKKW256G8XT,735858362795,735858362795.0,M.2,NVM,256 GB,TLC,Silicon Motion SM2262,https://www.amazon.ca/Intel-760P-256GB-80mm-PCIe/dp/B078VBL3T9?psc=1&SubscriptionId=AKIAI7B523DQIKTQ3BRQ&tag=pckombo04b-20&linkCode=xm2&camp=2025&creative=165953&creativeASIN=B078VBL3T9
Intel 760p Series 1000 GB,824.57 zł,Intel,SSDPEKKW010T8X1,735858362832,735858362832.0,M.2,NVM,1000 GB,TLC,Silicon Motion SM2262,https://www.amazon.ca/dp/B078QD1KRB?tag=pckombo04b-20&linkCode=osi&th=1&psc=1
Intel 760p Series 128 GB,174.78 zł,Intel,SSDPEKKW128G8XT,735858362771,735858362771.0,M.2,NVM,128 GB,TLC,Silicon Motion SM2262,https://www.amazon.ca/dp/B078VBGSVL?tag=pckombo04b-20&linkCode=osi&th=1&psc=1
Intel 760p Series 2000 GB,1673.24 zł,Intel,SSDPEKKW020T8X1,735858362856,735858362856.0,M.2,NVM,2000 GB,TLC,Silicon Motion SM2262,https://www.amazon.ca/Intel-760P-2-048TB-80mm-PCIe/dp/B078QD7M6J?psc=1&SubscriptionId=AKIAI7B523DQIKTQ3BRQ&tag=pckombo04b-20&linkCode=xm2&camp=2025&creative=165953&creativeASIN=B078QD7M6J
Intel 760p Series 512 GB,419.41 zł,Intel,SSDPEKKW512G8XT,735858362818,735858362818.0,M.2,NVM,512 GB,TLC,Silicon Motion SM2262,https://www.amazon.ca/Intel%C2%AE-760P-512GB-80mm-PCIe/dp/B078VCGSKS?psc=1&SubscriptionId=AKIAI7B523DQIKTQ3BRQ&tag=pckombo04b-20&linkCode=xm2&camp=2025&creative=165953&creativeASIN=B078VCGSKS
Intel DC S3500 Series,,Intel,SSDSC2BB800G401,675901206648,,SATA,SATA,800 GB,MLC,Intel,
Intel Optane 800P 118 GB,921.39 zł,Intel,SSDPEK1W120GA01,735858349529,,M.2,NVM,118 GB,3D XPoint,Intel SLL3D,https://www.amazon.ca/dp/B078T2SM3D?tag=pckombo04b-20&linkCode=osi&th=1&psc=1
Intel Optane 800P 58 GB,523.24 zł,Intel,SSDPEK1W060GA01,735858349512,,M.2,NVM,58 GB,3D XPoint,Intel SLL3D,https://www.amazon.ca/dp/B078SZZ1XF?tag=pckombo04b-20&linkCode=osi&th=1&psc=1
Intel Optane 900P AIC Solid State Drive 480 GB,2421.47 zł,Intel,SSDPED1D480GAX1,5032037093668,,M.2,NVM,480 GB,3D XPoint,Intel SLL3D,https://www.amazon.ca/dp/B077767L4X?tag=pckombo04b-20&linkCode=osi&th=1&psc=1
Intel Optane 900P NVMe 280 GB,,Intel,SSDPE21D280GAX1,5032037114738,,SATA,SATA,280 GB,3D XPoint,Intel SLL3D,
Intel Optane 900P Series 2 280 GB,1273.13 zł,Intel,SSDPE21D280GASM,5032037115773,735858359191.0,M.2,NVM,280 GB,3D XPoint,Intel EAU01D76 SLL3D,https://www.amazon.ca/Intel-Optane-280GB-2-5in-XPoint/dp/B0772SSYDB?psc=1&SubscriptionId=AKIAI7B523DQIKTQ3BRQ&tag=pckombo04b-20&linkCode=xm2&camp=2025&creative=165953&creativeASIN=B0772SSYDB
Intel Optane 905P 380 GB,,Intel,SSDPEL1D380GAX1,5032037131148,,M.2,NVM,380 GB,,Intel SLL3D,
Intel Optane Series,332.55 zł,Intel,MEMPEK1W032GAXT,675901462341,735858337090.0,M.2,NVM,32 GB,3D XPoint,Intel,https://www.amazon.ca/Intel-Optane-Memory-Module-MEMPEK1W032GAXT/dp/B06XSXX3NS?psc=1&SubscriptionId=AKIAI7B523DQIKTQ3BRQ&tag=pckombo04b-20&linkCode=xm2&camp=2025&creative=165953&creativeASIN=B06XSXX3NS
Intel Optane Series 16 GB,191.40 zł,Intel,MEMPEK1W016GAXT,5032037099950,735858337076.0,M.2,NVM,16 GB,3D XPoint,Intel,https://www.amazon.ca/dp/B06XSMTN31?tag=pckombo04b-20&linkCode=osi&th=1&psc=1
Intel Pro 6000P Series,,Intel,SSDPEKKF512G7X1,5032037087704,735858318204.0,M.2,NVM,512 GB,TLC,Silicon Motion SM2260,
Intel Pro 6000P Series,,Intel,SSDPEKKF128G7X1,5032037087667,,M.2,NVM,128 GB,TLC,Silicon Motion SM2260,
Intel Pro 6000P Series,369.38 zł,Intel,SSDPEKKF256G7X1,5032037087681,735858318181.0,M.2,NVM,256 GB,TLC,Silicon Motion SM2260,https://www.amazon.ca/Intel-SSDPEKKF256G7X1-6000p-express-Retail/dp/B01LW6USJD?SubscriptionId=AKIAI7B523DQIKTQ3BRQ&tag=pckombo04b-20&linkCode=xm2&camp=2025&creative=165953&creativeASIN=B01LW6USJD
Intel Pro 6000P Series,1428.23 zł,Intel,SSDPEKKF010T7X1,5032037087728,,M.2,NVM,1000 GB,,,https://www.amazon.ca/Intel-SSDPEKKF010T7X1-Solid-State-Drive/dp/B01LVXUCFC?SubscriptionId=AKIAI7B523DQIKTQ3BRQ&tag=pckombo04b-20&linkCode=xm2&camp=2025&creative=165953&creativeASIN=B01LVXUCFC
Intenso High Performance III 120GB TLC 3813430,,Intenso,3813430,4034303023448,,SATA,SATA,120 GB,,,
Intenso High Performance III 240GB TLC 3813440,,Intenso,3813440,4034303023479,,SATA,SATA,240 GB,,,
Intenso High Performance III 480GB TLC 3813450,,Intenso,3813450,4034303023509,,SATA,SATA,480 GB,,,
Intenso High Performance III 960GB TLC 3813460,,Intenso,3813460,4034303023530,,SATA,SATA,960 GB,,,
Intenso Top III 256GB MLC,,Intenso,3812440,4034303016693,,SATA,SATA,256 GB,,,
Intenso Top III 512GB MLC,,Intenso,3812450,4034303017546,,SATA,SATA,512 GB,,,
Kingston A1000 NVMe M.2 Solid State Drive,,Kingston,SA1000M8/480G,740617277319,740617277319.0,M.2,NVM,480 GB,TLC,Phison PS5008-E8,
Kingston A1000 NVMe M.2 Solid State Drive,189.93 zł,Kingston,SA1000M8/240G,740617277333,740617277333.0,M.2,NVM,240 GB,TLC,Phison PS5008-E8,https://www.amazon.ca/dp/B07BMXS6SH?tag=pckombo04b-20&linkCode=osi&th=1&psc=1
Kingston A400 - 960 GB 960 GB,191.33 zł,Kingston,SA400S37/960G,740617277357,,SATA,SATA,960 GB,TLC,Phison PS3111-S11,https://www.amazon.ca/dp/B079XC5PVV?tag=pckombo04b-20&linkCode=osi&th=1&psc=1
Kingston DC400 480GB,,Kingston,SEDC400S37/480G,740617254396,,SATA,SATA,480 GB,,,
Kingston DC400 960GB,1222.42 zł,Kingston,SEDC400S37/960G,740617254419,,SATA,SATA,960 GB,,,https://www.amazon.ca/960Gb-Ssdnow-Dc400-Ssd-Sata/dp/B01LFOIK2Y?SubscriptionId=AKIAI7B523DQIKTQ3BRQ&tag=pckombo04b-20&linkCode=xm2&camp=2025&creative=165953&creativeASIN=B01LFOIK2Y
Kingston Now E50 240GB MLC,,Kingston,SE50S37/240G,740617219265,,SATA,SATA,240 GB,,,
Kingston Now KC400 128GB MLC,,Kingston,SKC400S3B7A/128G,740617251524,,SATA,SATA,128 GB,,,
Kingston Now KC400 256GB MLC,,Kingston,SKC400S3B7A/256G,740617251531,,SATA,SATA,256 GB,,,
Kingston Now KC400 256GB MLC,,Kingston,SKC400S37/256G,740617251463,,SATA,SATA,256 GB,,,
Kingston Now KC400 512GB MLC,,Kingston,SKC400S37/512G,740617251487,,SATA,SATA,512 GB,,,
Kingston Now KC400 512GB MLC,,Kingston,SKC400S3B7A/512G,740617251548,,SATA,SATA,512 GB,,,
Kingston Now mS200 120GB MLC,,Kingston,SMS200S3/120G,740617217049,,SATA,SATA,120 GB,,,
Kingston Now mS200 480GB MLC,,Kingston,SMS200S3/480G,740617227857,,SATA,SATA,480 GB,,,
Kingston Now mS200 60GB MLC,,Kingston,SMS200S3/60G,740617217032,,SATA,SATA,60 GB,,,
Kingston Now UV400 120GB TLC,270.20 zł,Kingston,SUV400S3B7A/120G,740617252880,,SATA,SATA,120 GB,,,https://www.amazon.ca/Kingston-Digital-SSDNow-SUV400S3B7A-120G/dp/B01FRP254G?psc=1&SubscriptionId=AKIAI7B523DQIKTQ3BRQ&tag=pckombo04b-20&linkCode=xm2&camp=2025&creative=165953&creativeASIN=B01FRP254G
Kingston Now UV400 240GB TLC,,Kingston,SUV400S3B7A/240G,740617252910,,SATA,SATA,240 GB,,,
Kingston Now UV400 480GB TLC,,Kingston,SUV400S3B7A/480G,740617252941,,SATA,SATA,480 GB,,,
Kingston Now UV400 960GB TLC,,Kingston,SUV400S3B7A/960G,740617252972,,SATA,SATA,960 GB,,,
Kingston Now V300 120GB MLC,,Kingston,SV300S3B7A/120G,740617212686,,SATA,SATA,120 GB,,,
Kingston Now V300 120GB MLC,,Kingston,SV300S37A/120G,740617212662,,SATA,SATA,120 GB,,,
Kingston Now V300 60GB MLC,,Kingston,SV300S37A/60G,740617212631,,SATA,SATA,60 GB,,,
Kingston NV1 NVMe 1000 GB,325.39 zł,Kingston,SNVS/1000G,740617316681,,M.2,NVM,1000 GB,,,https://www.amazon.ca/dp/B091BDQ2B6?tag=pckombo04b-20&linkCode=osi&th=1&psc=1
Kingston NV1 NVMe 2000 GB,515.25 zł,Kingston,SNVS/2000G,740617316889,,M.2,NVM,2000 GB,,,https://www.amazon.ca/dp/B091BG4HDW?tag=pckombo04b-20&linkCode=osi&th=1&psc=1
Kingston NV1 NVMe 250 GB,146.73 zł,Kingston,SNVS/250G,740617323047,,M.2,NVM,250 GB,,,https://www.amazon.ca/dp/B09DVP94WC?tag=pckombo04b-20&linkCode=osi&th=1&psc=1
Kingston NV1 NVMe 500 GB,188.65 zł,Kingston,SNVS/500G,740617316841,,M.2,NVM,500 GB,,,https://www.amazon.ca/dp/B091BCQK7B?tag=pckombo04b-20&linkCode=osi&th=1&psc=1
Kingston Solid State Drive,,Kingston,SM2280S3G2/120G,740617248937,,M.2,SATA,120 GB,MLC,Phison PS3110,
Kingston Solid State Drive,,Kingston,SM2280S3G2/240G,740617248951,,M.2,SATA,240 GB,MLC,Phison PS3110,
Kingston Solid State Drive,126.97 zł,Kingston,SM2280S3G2/480G,740617248975,,M.2,SATA,480 GB,MLC,Phison PS3110,https://www.amazon.ca/dp/B01BJ0HQK6?tag=pckombo04b-20&linkCode=osi&th=1&psc=1
Kingston SSDNow A400 Series 120 GB,60.13 zł,Kingston,SA400S37/120G,740617261196,,SATA,SATA,120 GB,TLC,Phison PS3111-S-11,https://www.amazon.ca/dp/B01N6JQS8C?tag=pckombo04b-20&linkCode=osi&th=1&psc=1
Kingston SSDNow A400 Series 240 GB,82.00 zł,Kingston,SA400S37/240G,740617261219,,SATA,SATA,240 GB,TLC,Phison PS3111-S-11,https://www.amazon.ca/dp/B01N5IB20Q?tag=pckombo04b-20&linkCode=osi&th=1&psc=1
Kingston SSDNow A400 Series 480 GB,117.51 zł,Kingston,SA400S37/480G,740617263442,,SATA,SATA,480 GB,TLC,Phison PS3111-S-11,https://www.amazon.ca/dp/B01N0TQPQB?tag=pckombo04b-20&linkCode=osi&th=1&psc=1
Kingston SSDNow E50 Series,,Kingston,SE50S37/100G,740617219821,,SATA,SATA,100 GB,,,
Kingston SSDNow UV400 Series,,Kingston,SUV400S37/480G,740617252927,,SATA,SATA,480 GB,TLC,Marvell 88SS1074,
Kingston SSDNow UV400 Series,,Kingston,SUV400S37/120G,740617252866,,SATA,SATA,120 GB,TLC,Marvell 88SS1074,
Kingston SSDNow UV400 Series,,Kingston,SUV400S37/960G,740617252958,,SATA,SATA,960 GB,TLC,Marvell 88SS1074,
Kingston SSDNow UV500 Series 120 GB,106.62 zł,Kingston,SUV500/120G,740617273823,740617273823.0,SATA,SATA,120 GB,TLC,Marvell 88SS1074,https://www.amazon.ca/Kingston-120GB-UV500-SSD-SATA/dp/B07CFXXF49?SubscriptionId=AKIAI7B523DQIKTQ3BRQ&tag=pckombo04b-20&linkCode=xm2&camp=2025&creative=165953&creativeASIN=B07CFXXF49
Kingston SSDNow UV500 Series 240 GB,152.99 zł,Kingston,SUV500/240G,740617273809,740617273809.0,SATA,SATA,240 GB,TLC,Marvell 88SS1074,https://www.amazon.ca/Kingston-240GB-UV500-SSD-SATA/dp/B07CCD16YD?SubscriptionId=AKIAI7B523DQIKTQ3BRQ&tag=pckombo04b-20&linkCode=xm2&camp=2025&creative=165953&creativeASIN=B07CCD16YD
Kingston SSDNow UV500 Series 480 GB,240.64 zł,Kingston,SUV500/480G,740617273793,740617273793.0,SATA,SATA,480 GB,TLC,Marvell 88SS1074,https://www.amazon.ca/Kingston-480GB-UV500-SSD-SATA/dp/B07CFXNRVD?SubscriptionId=AKIAI7B523DQIKTQ3BRQ&tag=pckombo04b-20&linkCode=xm2&camp=2025&creative=165953&creativeASIN=B07CFXNRVD
Kingston SSDNow UV500 Series 960 GB,508.61 zł,Kingston,SUV500/960G,740617273786,740617273786.0,SATA,SATA,960 GB,TLC,Marvell 88SS1074,https://www.amazon.ca/Kingston-960GB-UV500-SSD-C2C/dp/B07C53S2LT?SubscriptionId=AKIAI7B523DQIKTQ3BRQ&tag=pckombo04b-20&linkCode=xm2&camp=2025&creative=165953&creativeASIN=B07C53S2LT
Kingston Solid State DriveNow UV500 Series M.2 Solid State Drive,177.72 zł,Kingston,SUV500M8/240G,740617274127,740617274127.0,M.2,SATA,240 GB,TLC,Marvell 88SS1074,https://www.amazon.ca/dp/B07C3YHRW3?tag=pckombo04b-20&linkCode=osi&th=1&psc=1
Kingston Solid State DriveNow UV500 Series M.2 Solid State Drive 120 GB,134.06 zł,Kingston,SUV500M8/120G,740617274141,740617274141.0,M.2,SATA,120 GB,TLC,Marvell 88SS1074,https://www.amazon.ca/dp/B07C3YMVBL?tag=pckombo04b-20&linkCode=osi&th=1&psc=1
Kingston Solid State DriveNow UV500 Series M.2 Solid State Drive 480 GB,373.57 zł,Kingston,SUV500M8/480G,740617274103,740617274103.0,M.2,SATA,480 GB,TLC,Marvell 88SS1074,https://www.amazon.ca/dp/B07C3LQB65?tag=pckombo04b-20&linkCode=osi&th=1&psc=1
Kingston SSDNow V300 Series,,Kingston,SV300S37A/240G,740617212716,,SATA,SATA,240 GB,MLC,LSI SandForce SF-2281,
Kingston SSDNow V300 Series,631.10 zł,Kingston,SV300S37A/480G,740617223941,,SATA,SATA,480 GB,MLC,LSI SandForce SF-2281,https://www.amazon.ca/Kingston-Digital-2-5-Inch-SV300S37A-480G/dp/B00FXJWO5C?psc=1&SubscriptionId=AKIAI7B523DQIKTQ3BRQ&tag=pckombo04b-20&linkCode=xm2&camp=2025&creative=165953&creativeASIN=B00FXJWO5C
KIOXIA Exceria NVMe Series 1000 GB,,Kioxia,LRC10Z001TG8,4582563851924,,M.2,NVM,1000 GB,TLC,Toshiba,
KIOXIA Exceria NVMe Series 250 GB,,Kioxia,LRC10Z250GG8,4582563851900,,M.2,NVM,250 GB,TLC,Toshiba,
KIOXIA Exceria NVMe Series 500 GB,,Kioxia,LRC10Z500GG8,4582563851917,,M.2,NVM,500 GB,TLC,Toshiba,
KIOXIA Exceria Plus NVMe Series 1000 GB,,Kioxia,LRD10Z001TG8,4582563851979,,M.2,NVM,1000 GB,TLC,Toshiba,
KIOXIA Exceria Plus NVMe Series 2000 GB,,Kioxia,LRD10Z002TG8,4582563851986,,M.2,NVM,2000 GB,TLC,Toshiba,
KIOXIA Exceria Plus NVMe Series 500 GB,,Kioxia,LRD10Z500GG8,4582563851962,,M.2,NVM,500 GB,TLC,Toshiba,
KIOXIA Exceria Series 240 GB,,Kioxia,LTC10Z240GG8,4582563851849,,SATA,SATA,240 GB,TLC,Phison PS3111-S11,
KIOXIA Exceria Series 480 GB,,Kioxia,LTC10Z480GG8,4582563851856,,SATA,SATA,480 GB,TLC,Phison PS3111-S11,
KIOXIA Exceria Series 960 GB,,Kioxia,LTC10Z960GG8,4582563851863,,SATA,SATA,960 GB,TLC,Phison PS3111-S11,
Mach Xtreme SATA DOM Solid State Drive,,Mach Xtreme Technology,MXSSD2SSLD32G-H,4711542855404,,SATA,SATA,32 GB,SLC,,
Mach Xtreme Technology DS Fusion Ultra,,Mach Xtreme Technology,MXSSD3MDSFU-120G,4711542855046,,SATA,SATA,120 GB,MLC,SMI 2246EN,
Mach Xtreme Technology DS Turbo PREMIUM Series,,Mach Xtreme Technology,MXSSD3MDSTP-120G,4711542853592,,SATA,SATA,120 GB,MLC,SandForce SF-2281,
Micron 1100,,Micron,MTFDDAK256TBN-1AR1ZABYY,649528779885,,SATA,SATA,256 GB,TLC,Marvell 88SS1074,
Mushkin Element 1000 GB,,Mushkin,MKNSSDEV1TB-D8,846651034281,,M.2,NVM,1000 GB,3D NAND,k.A.,
Mushkin Element 2000 GB,,Mushkin,MKNSSDEV2TB-D8,846651034298,,M.2,NVM,2000 GB,3D NAND,k.A.,
Mushkin Element 4000 GB,,Mushkin,MKNSSDEV4TB-D8,846651034564,,M.2,NVM,4000 GB,3D NAND,k.A.,
Mushkin Element 512 GB,,Mushkin,MKNSSDEV512GB-D8,846651034267,,M.2,NVM,512 GB,3D NAND,k.A.,
OCZ TL100 120GB TLC,,OCZ,TL100-25SAT3-120G,842024037958,,SATA,SATA,120 GB,,,
OCZ TL100 240GB TLC,,OCZ,TL100-25SAT3-240G,842024037965,,SATA,SATA,240 GB,,,
OCZ TR150 480GB TLC,,OCZ,TRN150-25SAT3-480G,842024037705,,SATA,SATA,480 GB,,,
OCZ TR150 960GB TLC,1041.20 zł,OCZ,TRN150-25SAT3-960G,842024037712,,SATA,SATA,960 GB,,,https://www.amazon.ca/OCZ-Storage-Solutions-S%C3%83%C2%B3lido-Interno/dp/B01B4NUKDS?SubscriptionId=AKIAI7B523DQIKTQ3BRQ&tag=pckombo04b-20&linkCode=xm2&camp=2025&creative=165953&creativeASIN=B01B4NUKDS
OCZ VT180 480GB MLC,,OCZ,VTR180-25SAT3-480G,842024036555,,SATA,SATA,480 GB,,,
OWC Aura 6G 120GB MLC low profile (MacBook Air 2012),,OWC,OWCSSDA2A6G120,812437020151,,SATA,SATA,120 GB,,,
OWC Aura 6G 240GB MLC low profile (2010/2011 MacBook Air),,OWC,OWCSSDA116G240,812437020106,,SATA,SATA,240 GB,,,
OWC Aura 6G 240GB MLC low profile (iMac late 2012),,OWC,OWCSSDIM12D240,812437021462,,SATA,SATA,240 GB,,,
OWC Aura 6G 240GB MLC low profile (MacBook Pro RD Edition),,OWC,OWCSSDA12R240,812437020212,,SATA,SATA,240 GB,,,
OWC Aura 6G 480GB MLC low profile (iMac late 2012),,OWC,OWCSSDIM12D480,812437021769,,SATA,SATA,480 GB,,,
OWC Aura 6G 480GB MLC low profile (MacBook Pro RD Edition),,OWC,OWCSSDA12R480,812437020229,,SATA,SATA,480 GB,,,
OWC Aura 6G 960GB MLC low profile (iMac late 2012),,OWC,OWCSSDIM12D960,812437020168,,SATA,SATA,960 GB,,,
OWC Aura Pro 6G 120GB MLC low profile (2010/2011 MacBook Air),,OWC,OWCSSDA116G120,812437020090,,SATA,SATA,120 GB,,,
Patriot Blast,,Patriot,PBT480GS25SSDR,815530019756,,SATA,SATA,480 GB,TLC,Phison PS3110-S10,
Patriot Burst,114.80 zł,Patriot,PBU120GS25SSDR,814914023921,,SATA,SATA,120 GB,,Phison S11,https://www.amazon.ca/dp/B07574MTR4?tag=pckombo04b-20&linkCode=osi&th=1&psc=1
Patriot Burst,131.23 zł,Patriot,PBU240GS25SSDR,814914023938,,SATA,SATA,240 GB,,Phison S11,https://www.amazon.ca/Patriot-Memory-Burst-240GB-Internal/dp/B07573JBW3?psc=1&SubscriptionId=AKIAI7B523DQIKTQ3BRQ&tag=pckombo04b-20&linkCode=xm2&camp=2025&creative=165953&creativeASIN=B07573JBW3
Patriot Flare,,Patriot,PFL120GS25SSDR,814914023136,,SATA,SATA,120 GB,MLC,Phison S11,
Patriot Flare,,Patriot,PFL60GS25SSDR,814914023129,,SATA,SATA,60 GB,MLC,Phison S11,
Patriot HellFire,,Patriot,PH480GPM280SSDR,814914022436,,M.2,NVM,480 GB,MLC,Phison PS5007-E7,
Patriot HellFire M.2 Solid State Drive,,Patriot,PH240GPM280SSDR,814914022429,,M.2,SATA,240 GB,MLC,Phison PS5007-E7,
Patriot Spark,,Patriot,PSK512GS25SSDR,814914022382,,SATA,SATA,512 GB,,,
Patriot Spark,,Patriot,PSK128GS25SSDR,814914022368,,SATA,SATA,128 GB,TLC,Phison S11,
Patriot Spark,,Patriot,PSK256GS25SSDR,814914022375,,SATA,SATA,256 GB,TLC,Phison S11,
PNY CS2211,,PNY,SSD7CS2211-960-PB,3536403350673,,SATA,SATA,960 GB,MLC,,
PNY CS3140 4000 GB,1985.36 zł,PNY,M280CS3140-4TB-RB,751492648521,,M.2,NVM,4000 GB,3D TLC,,https://www.amazon.ca/dp/B09C44XFZ2?tag=pckombo04b-20&linkCode=osi&th=1&psc=1
PNY CS900,,PNY,SSD7CS900-120-PB,3536403351717,,SATA,SATA,120 GB,TLC,,
Sabrent Rocket,184.84 zł,Sabrent,SB-ROCKET-256,840025210615,,M.2,NVM,256 GB,TLC,Phison PS5012,https://www.amazon.ca/dp/B07KGLN3HN?tag=pckombo04b-20&linkCode=osi&th=1&psc=1
Samsung 750 EVO Series 120GB,,Samsung,MZ-750120BW,8806088101743,,SATA,SATA,120 GB,,,
Samsung 850 PRO Series 128GB,,Samsung,MZ-7KE128BW,8806086264617,,SATA,SATA,128 GB,,,
Samsung SM961-NVMe Series 128GB MLC - - Enterprise,,Samsung,MZVPW128HEGM-00000,5711783185512,,M.2,NVM,128 GB,,,
Samsung 750 Evo Series,,SAMSUNG,MZ-750500BW,8806088409825,887276168630.0,SATA,SATA,500 GB,TLC,Samsung MGX,
Samsung 750 Evo Series,,SAMSUNG,MZ-750250BW,8806088101781,,SATA,SATA,250 GB,TLC,Samsung MGX,
Samsung 850 EVO Series,,SAMSUNG,MZ-75E1T0B,8806086523042,,SATA,SATA,1000 GB,,,
Samsung 850 EVO Series,,SAMSUNG,MZ-75E2T0B/EU,8806086995344,,SATA,SATA,2000 GB,,,
Samsung 850 EVO Series,,SAMSUNG,MZ-75E500B,8806086523035,,SATA,SATA,500 GB,TLC,Samsung MGX,
Samsung 850 EVO Series,,SAMSUNG,MZ-75E250B,8806086522977,,SATA,SATA,250 GB,TLC,Samsung MGX,
Samsung 850 EVO Series,,SAMSUNG,MZ-75E4T0B,8806088090979,,SATA,SATA,4000 GB,TLC,Samsung MHX,
Samsung 850 PRO Series Solid State Drive,,SAMSUNG,MZ-7KE2T0BW,8806086860987,887276084305.0,SATA,SATA,2000 GB,,,
Samsung 850 PRO Series Solid State Drive,,SAMSUNG,MZ-7KE1T0BW,8806086264679,,SATA,SATA,1000 GB,,,
Samsung 850 PRO Series Solid State Drive,,SAMSUNG,MZ-7KE512BW,8806086264648,,SATA,SATA,512 GB,MLC,Samsung MEX,
Samsung 850 PRO Series Solid State Drive,,SAMSUNG,MZ-7KE256BW,8806086264631,,SATA,SATA,256 GB,MLC,Samsung MEX,
Samsung 860 EVO Series,,SAMSUNG,MZ-76E250B/EU,8806088933986,,SATA,SATA,250 GB,TLC,Samsung MJX,
Samsung 860 EVO Series 4000 GB,,SAMSUNG,MZ-76E4T0B/EU,8806088934877,,SATA,SATA,4000 GB,TLC,Samsung MJX,
Samsung 860 PRO Series 1000 GB,,SAMSUNG,MZ-76P1T0B/EU,8801643119225,,SATA,SATA,1000 GB,MLC,Samsung MJX,
Samsung 860 PRO Series 2000 GB,1672.33 zł,SAMSUNG,MZ-76P2T0B/EU,8801643120559,,SATA,SATA,2000 GB,MLC,Samsung MJX,https://www.amazon.ca/dp/B078WQT88J?tag=pckombo04b-20&linkCode=osi&th=1&psc=1
Samsung 860 PRO Series 256 GB,,SAMSUNG,MZ-76P256B/EU,8801643120498,,SATA,SATA,256 GB,MLC,Samsung MJX,
Samsung 860 PRO Series 4000 GB,,SAMSUNG,MZ-76P4T0B/EU,8801643120542,,SATA,SATA,4000 GB,MLC,Samsung MJX,
Samsung 860 PRO Series 512 GB,,SAMSUNG,MZ-76P512B/EU,8801643119072,,SATA,SATA,512 GB,MLC,Samsung MJX,
Samsung 870 EVO 1000 GB,,SAMSUNG,MZ-77E1T0B/EU,8806090545917,,SATA,SATA,1000 GB,MLC,Samsung MKX,
Samsung 870 EVO 2000 GB,,SAMSUNG,MZ-77E2T0B,8806090545900,,SATA,SATA,2000 GB,MLC,Samsung MKX,
Samsung 870 EVO 250 GB,,SAMSUNG,MZ-77E250B/EU,8806090545931,,SATA,SATA,250 GB,MLC,Samsung MKX,
Samsung 870 EVO 4000 GB,,SAMSUNG,MZ-77E4T0B,8806090545894,,SATA,SATA,4000 GB,MLC,Samsung MKX,
Samsung 870 EVO 500 GB,,SAMSUNG,MZ-77E500B/EU,8806090545924,,SATA,SATA,500 GB,MLC,Samsung MKX,
Samsung 870 QVO 1000 GB,,SAMSUNG,MZ-77Q1T0BW,8806090396038,,SATA,SATA,1000 GB,MLC,Samsung MKX,
Samsung 870 QVO 2000 GB,,SAMSUNG,MZ-77Q2T0BW,8806090396007,,SATA,SATA,2000 GB,MLC,Samsung MKX,
Samsung 870 QVO 4000 GB,,SAMSUNG,MZ-77Q4T0BW,8806090396021,,SATA,SATA,4000 GB,MLC,Samsung MKX,
Samsung 870 QVO 8000 GB,2528.50 zł,SAMSUNG,MZ-77Q8T0BW,8806090396014,,SATA,SATA,8000 GB,MLC,Samsung MKX,https://www.amazon.ca/dp/B089C3TZL9?tag=pckombo04b-20&linkCode=osi&th=1&psc=1
Samsung 960 EVO,325.01 zł,SAMSUNG,MZ-V6E250BW,8806088540139,887276185309.0,M.2,NVM,250 GB,TLC,Samsung Polaris,https://www.amazon.ca/dp/B01LYFKX41?tag=pckombo04b-20&linkCode=osi&th=1&psc=1
Samsung 960 EVO,480.60 zł,SAMSUNG,MZ-V6E500BW,8806088540122,,M.2,NVM,500 GB,TLC,Samsung Polaris,https://www.amazon.ca/dp/B01M20VBU7?tag=pckombo04b-20&linkCode=osi&th=1&psc=1
Samsung 960 EVO,1865.32 zł,SAMSUNG,MZ-V6E1T0BW,8806088540115,887276185286.0,M.2,NVM,1000 GB,TLC,Samsung Polaris,https://www.amazon.ca/dp/B01LXS4TY6?tag=pckombo04b-20&linkCode=osi&th=1&psc=1
Samsung 960 PRO,1024.91 zł,SAMSUNG,MZ-V6P512BW,8806088540146,887276185316.0,M.2,NVM,512 GB,MLC,Samsung Polaris,https://www.amazon.ca/dp/B01LXS4TYB?tag=pckombo04b-20&linkCode=osi&th=1&psc=1
Samsung 960 PRO,2076.97 zł,SAMSUNG,MZ-V6P1T0BW,8806088540153,,M.2,NVM,1000 GB,MLC,Samsung Polaris,https://www.amazon.ca/Samsung-Internal-MZ-V6P1T0BW-Canada-Version/dp/B01LYRCIPG?psc=1&SubscriptionId=AKIAI7B523DQIKTQ3BRQ&tag=pckombo04b-20&linkCode=xm2&camp=2025&creative=165953&creativeASIN=B01LYRCIPG
Samsung 960 PRO,4782.92 zł,SAMSUNG,MZ-V6P2T0BW,8806088540160,,M.2,NVM,2000 GB,MLC,Samsung Polaris,https://www.amazon.ca/Samsung-960-Internal-MZ-V6P2T0BW-Version/dp/B01LY3Y9PH?psc=1&SubscriptionId=AKIAI7B523DQIKTQ3BRQ&tag=pckombo04b-20&linkCode=xm2&camp=2025&creative=165953&creativeASIN=B01LY3Y9PH
Samsung 970 Evo Plus 250 GB,391.74 zł,SAMSUNG,MZ-V7S250BW,8801643628079,,M.2,NVM,250 GB,MLC,Samsung Phoenix,https://www.amazon.ca/Samsung-MZ-V7S250BW/dp/B07MHXYL6T?SubscriptionId=AKIAI7B523DQIKTQ3BRQ&tag=pckombo04b-20&linkCode=xm2&camp=2025&creative=165953&creativeASIN=B07MHXYL6T
Samsung 970 Evo Plus 500 GB,526.90 zł,SAMSUNG,MZ-V7S500BW,8801643628116,887276302546.0,M.2,NVM,500 GB,MLC,Samsung Phoenix,https://www.amazon.ca/dp/B07MFBLN7K?tag=pckombo04b-20&linkCode=osi&th=1&psc=1
Samsung 970 PRO 1000 GB,1353.54 zł,SAMSUNG,MZ-V7P1T0BW,8801643205379,887276261928.0,M.2,NVM,1000 GB,MLC,Samsung Phoenix,https://www.amazon.ca/dp/B07CGGRYVT?tag=pckombo04b-20&linkCode=osi&th=1&psc=1
Samsung 970 PRO 512 GB,546.91 zł,SAMSUNG,MZ-V7P512BW,8801643205355,887276261904.0,M.2,NVM,512 GB,MLC,Samsung Phoenix,https://www.amazon.ca/dp/B07C8Y31G2?tag=pckombo04b-20&linkCode=osi&th=1&psc=1
Samsung 980 1000 GB,,SAMSUNG,MZ-V8V1T0BW,8806090572210,,M.2,NVM,1000 GB,TLC,Samsung Pablo,
Samsung 980 250 GB,,SAMSUNG,MZ-V8V250BW,8806090572234,,M.2,NVM,250 GB,TLC,Samsung Pablo,
Samsung 980 500 GB,,SAMSUNG,MZ-V8V500BW,8806090572227,,M.2,NVM,500 GB,TLC,Samsung Pablo,
Samsung 980 PRO Series 250 GB,,SAMSUNG,MZ-V8P250BW,8806090295645,,M.2,NVM,250 GB,TLC,Samsung Elpis S4LV003,
Samsung 990 PRO Series 1000 GB,,SAMSUNG,MZ-V9P1T0BW,8806094215021,,M.2,NVM,1000 GB,MLC,Samsung Pascal,
Samsung 990 PRO Series 2000 GB,,SAMSUNG,MZ-V9P2T0BW,8806094215038,887276638348.0,M.2,NVM,2000 GB,MLC,Samsung Pascal,
Samsung PM883 Series 0 GB,,SAMSUNG,MZ7LH1T9HMLT-00005,4260580370948,,SATA,SATA,0 GB,MLC,,
Samsung PM883 Series 0 GB,,SAMSUNG,MZ7LH3T8HMLT-00005,4260580370955,,SATA,SATA,0 GB,MLC,,
Samsung PM883 Series 240 GB,,SAMSUNG,MZ7LH240HAHQ-00005,4260580370917,,SATA,SATA,240 GB,MLC,,
Samsung PM883 Series 480 GB,,SAMSUNG,MZ7LH480HAHQ-00005,4260580370924,,SATA,SATA,480 GB,MLC,,
Samsung PM883 Series 960 GB,,SAMSUNG,MZ7LH960HAJR-00005,4260580370931,,SATA,SATA,960 GB,MLC,,
Samsung PM897 Series 480 GB,,SAMSUNG,MZ7L3480HBLT-00A07,4260580377411,,SATA,SATA,480 GB,TLC,,
Samsung PM981 256 GB,40.87 zł,SAMSUNG,MZVLB256HAHQ,0,824142142967.0,M.2,NVM,256 GB,MLC,Samsung Phoenix,https://www.amazon.ca/dp/2253053511?tag=pckombo04b-20&linkCode=osi&th=1&psc=1
Samsung SM883 Series 0 GB,,SAMSUNG,MZ7KH3T8HALS-00005,7640143870516,,SATA,SATA,0 GB,MLC,Samsung Maru,
Samsung SM883 Series 240 GB,,SAMSUNG,MZ7KH240HAHQ-00005,7640143870479,,SATA,SATA,240 GB,MLC,Samsung Maru,
Samsung SM883 Series 480 GB,,SAMSUNG,MZ7KH480HAHQ-00005,7640143870486,,SATA,SATA,480 GB,MLC,Samsung Maru,
Samsung SM883 Series 960 GB,,SAMSUNG,MZ7KH960HAJR-00005,7640143870493,,SATA,SATA,960 GB,MLC,Samsung Maru,
SanDisk Plus 120GB TLC,183.07 zł,SanDisk,SDSSDA-120G-G26,619659146689,,SATA,SATA,120 GB,,,https://www.amazon.ca/dp/B01F9G414U?tag=pckombo04b-20&linkCode=osi&th=1&psc=1
SanDisk Plus 240GB TLC,100.17 zł,SanDisk,SDSSDA-240G-G26,619659146726,,SATA,SATA,240 GB,,,https://www.amazon.ca/dp/B01F9G43WU?tag=pckombo04b-20&linkCode=osi&th=1&psc=1
SanDisk Plus 480GB TLC,150.39 zł,SanDisk,SDSSDA-480G-G26,619659146757,,SATA,SATA,480 GB,,,https://www.amazon.ca/dp/B01F9G46Q8?tag=pckombo04b-20&linkCode=osi&th=1&psc=1
SanDisk Plus 960GB TLC,315.02 zł,SanDisk,SDSSDA-960G-G26,619659151324,,SATA,SATA,960 GB,,,https://www.amazon.ca/dp/B01LY5ZZ4P?tag=pckombo04b-20&linkCode=osi&th=1&psc=1
SanDisk Ultra II 240GB TLC,321.17 zł,SanDisk,SDSSDHII-240G-G25,619659112134,,SATA,SATA,240 GB,,,https://www.amazon.ca/SanDisk-Ultra-2-5-Inch-Height-SDSSDHII-240G-G25/dp/B00M8ABEIM?SubscriptionId=AKIAI7B523DQIKTQ3BRQ&tag=pckombo04b-20&linkCode=xm2&camp=2025&creative=165953&creativeASIN=B00M8ABEIM
SanDisk Ultra II 480GB TLC,385.33 zł,SanDisk,SDSSDHII-480G-G25,619659112165,,SATA,SATA,480 GB,,,https://www.amazon.ca/SanDisk-Ultra-2-5-Inch-Height-SDSSDHII-480G-G25/dp/B00M8ABFX6?SubscriptionId=AKIAI7B523DQIKTQ3BRQ&tag=pckombo04b-20&linkCode=xm2&camp=2025&creative=165953&creativeASIN=B00M8ABFX6
SanDisk Ultra II 960GB TLC,729.00 zł,SanDisk,SDSSDHII-960G-G25,619659112196,,SATA,SATA,960 GB,,,https://www.amazon.ca/SanDisk-Ultra-2-5-Inch-Height-SDSSDHII-960G-G25/dp/B00M8ABHVQ?SubscriptionId=AKIAI7B523DQIKTQ3BRQ&tag=pckombo04b-20&linkCode=xm2&camp=2025&creative=165953&creativeASIN=B00M8ABHVQ
Seagate BarraCuda 510 1000 GB,,Seagate,ZP1000CM3A001,8719706019941,,M.2,NVM,1000 GB,TLC,Phison PS5012-E12 mit 8 Kanälen,
Seagate BarraCuda 510 512 GB,358.23 zł,Seagate,ZP512CM30041,763649134016,,M.2,NVM,512 GB,TLC,Phison PS5012-E12 mit 8 Kanälen,https://www.amazon.ca/dp/B07QRCJGJ7?tag=pckombo04b-20&linkCode=osi&th=1&psc=1
Seagate FireCuda 530 1000 GB,328.14 zł,Seagate,ZP1000GM3A013,8719706420426,763649161753.0,M.2,NVM,1000 GB,TLC,"Phison PS5018-E18, 8 Kanäle",https://www.amazon.ca/dp/B08Q54CHS6?tag=pckombo04b-20&linkCode=osi&th=1&psc=1
Seagate FireCuda 530 2000 GB,1309.89 zł,Seagate,ZP2000GM3A013,8719706420433,763649161760.0,M.2,NVM,2000 GB,TLC,"Phison PS5018-E18, 8 Kanäle",https://www.amazon.ca/dp/B0971D2WWL?tag=pckombo04b-20&linkCode=osi&th=1&psc=1
Seagate FireCuda 530 4000 GB,1941.59 zł,Seagate,ZP4000GM3A013,8719706420440,763649161777.0,M.2,NVM,4000 GB,TLC,"Phison PS5018-E18, 8 Kanäle",https://www.amazon.ca/dp/B08Q54GHTC?tag=pckombo04b-20&linkCode=osi&th=1&psc=1
Seagate FireCuda 530 500 GB,232.42 zł,Seagate,ZP500GM3A013,8719706420419,763649161746.0,M.2,NVM,500 GB,TLC,"Phison PS5018-E18, 8 Kanäle",https://www.amazon.ca/dp/B08Q4X1HRJ?tag=pckombo04b-20&linkCode=osi&th=1&psc=1
Seagate IronWolf 240 GB,218.74 zł,Seagate,ZP240NM30011,8719706018326,763649135952.0,M.2,NVM,240 GB,TLC,SK Hynix mit 8 Kanälen,https://www.amazon.ca/dp/B0851FF1V8?tag=pckombo04b-20&linkCode=osi&th=1&psc=1
Seagate IronWolf 480 GB,410.18 zł,Seagate,ZP480NM30011,8719706018333,763649135969.0,M.2,NVM,480 GB,TLC,SK Hynix mit 8 Kanälen,https://www.amazon.ca/dp/B0853WQN8R?tag=pckombo04b-20&linkCode=osi&th=1&psc=1
Seagate IronWolf 960 GB,803.80 zł,Seagate,ZP960NM30011,8719706018340,763649135976.0,M.2,NVM,960 GB,TLC,SK Hynix mit 8 Kanälen,https://www.amazon.ca/dp/B0851F3B78?tag=pckombo04b-20&linkCode=osi&th=1&psc=1
Solidigm P44 Pro 1000 GB,,Solidigm,SSDPFKKW010X7X1,1210001700093,840307300317.0,M.2,NVM,1000 GB,TLC,SK Hynix ACNS075,
Solidigm P44 Pro 2000 GB,,Solidigm,SSDPFKKW020X7X1,1210001700109,,M.2,NVM,2000 GB,TLC,SK Hynix ACNS075,
Solidigm P44 Pro 512 GB,,Solidigm,SSDPFKKW512H7X1,1210001700062,,M.2,NVM,512 GB,TLC,SK Hynix ACNS075,
Team Group DARK L3 Series,,Team Group,T253L3060GMC101,765441011540,,SATA,SATA,60 GB,MLC,PHISON PS3108-S8,
Team Group L5 Lite 3D Series,,Team Group,T253TD120G3C101,765441037656,,SATA,SATA,120 GB,,,
Team Group L5 Lite 3D Series,,Team Group,T253TD240G3C101,765441037663,,SATA,SATA,240 GB,,,
Team Group L5 Lite 3D Series,,Team Group,T253TD480G3C101,765441037649,,SATA,SATA,480 GB,TLC,,
Team Group L5 Lite 3D Series,,Team Group,T253TD001T3C101,765441038189,,SATA,SATA,1000 GB,TLC,,
Team Group L5 Lite Series,,Team Group,T2535T120G0C101,765441034471,,SATA,SATA,120 GB,TLC,,
Team Group L5 Lite Series,,Team Group,T2535T240G0C101,765441034488,,SATA,SATA,240 GB,TLC,,
Team Group L5 Lite Series,,Team Group,T2535T480G0C101,765441034495,,SATA,SATA,480 GB,TLC,,
Team Group L5 Lite Series,,Team Group,T2535T060G0C101,765441034938,,SATA,SATA,60 GB,TLC,,
Team Group L7 EVO Series,,Team Group,T253L7120GTC101,765441032347,,SATA,SATA,120 GB,TLC,Marvell,
Team Group L7 EVO Series,,Team Group,T253L7240GTC101,765441032354,,SATA,SATA,240 GB,TLC,Marvell,
Team Group L7 EVO Series 60 GB,,Team Group,T253L7060GTC101,765441037311,,SATA,SATA,60 GB,TLC,Marvell,
Team Group M.2 Lite Solid State Drive,,Team Group,TM8PS4128GMC101,765441026599,,M.2,SATA,128 GB,,,
Team Group M.2 Solid State Drive,,Team Group,TM8PS4512GMC101,765441030671,,M.2,SATA,512 GB,MLC,,
Team Group M.2 Solid State Drive Lite,,Team Group,TM8PS5256GMC101,765441031760,,M.2,SATA,256 GB,MLC,,
Team Group M.2 Solid State Drive Lite,,Team Group,TM8PS5128GMC101,765441031722,,M.2,SATA,128 GB,MLC,,
Team Group P30,,Team Group,TM8FP2480G0C101,765441033092,,M.2,NVM,480 GB,MLC,,
Team Group P30 240 GB,,Team Group,TM8FP2240G0C101,765441033085,,M.2,NVM,240 GB,MLC,,
Team Group T-Force Delta R 1000 GB,,Team Group,T253TR001T3C315,765441042971,,SATA,SATA,1000 GB,,,
Team Group T-Force Delta R 1000 GB,,Team Group,T253TR001T3C415,765441042957,,SATA,SATA,1000 GB,,,
Team Group T-Force Delta RGB 1000 GB,,Team Group,T253TR001T3C313,765441041288,,SATA,SATA,1000 GB,,,
Team Group T-Force Delta RGB 1000 GB,,Team Group,T253TR001T3C413,765441041424,,SATA,SATA,1000 GB,,,
Team Group Ultra L3 EVO Series,,Team Group,T253LE120GTC101,765441028036,,SATA,SATA,120 GB,TLC,Phison PS3110-S10,
Team Group Ultra L3 EVO Series 240 GB,,Team Group,T253LE240GTC101,765441027923,,SATA,SATA,240 GB,TLC,Phison PS3110-S10,
Toshiba OCZ RD400 Series Solid State Drive,,Toshiba,RVD400-M22280-128G,842024037347,,M.2,NVM,128 GB,MLC,Toshiba Fujisan (TC58NCP070GSB),
Toshiba OCZ RD400 Series Solid State Drive,,Toshiba,RVD400-M22280-256G,842024037354,,M.2,NVM,256 GB,MLC,Toshiba Fujisan (TC58NCP070GSB),
Toshiba OCZ RD400 Series Solid State Drive,,Toshiba,RVD400-M22280-512G,842024037361,,M.2,NVM,512 GB,MLC,Toshiba Fujisan (TC58NCP070GSB),
Toshiba OCZ RD400 Series Solid State Drive,1646.28 zł,Toshiba,RVD400-M22280-1T,842024037378,,M.2,NVM,1000 GB,,,https://www.amazon.ca/Toshiba-OCZ-RD400-Solid-RVD400-M22280-1TB/dp/B01G4UN8IU?psc=1&SubscriptionId=AKIAI7B523DQIKTQ3BRQ&tag=pckombo04b-20&linkCode=xm2&camp=2025&creative=165953&creativeASIN=B01G4UN8IU
Toshiba OCZ VX500 Series,,Toshiba,VX500-25SAT3-1T,842024037941,,SATA,SATA,1024 GB,MLC,Toshiba TC358790XBG,
Toshiba OCZ VX500 Series,,Toshiba,VX500-25SAT3-512G,842024037934,,SATA,SATA,512 GB,MLC,Toshiba TC358790XBG,
Toshiba OCZ VX500 Series,,Toshiba,VX500-25SAT3-256G,842024037927,,SATA,SATA,256 GB,MLC,Toshiba TC358790XBG,
Toshiba OCZ VX500 Series,496.51 zł,Toshiba,VX500-25SAT3-128G,842024037910,,SATA,SATA,128 GB,MLC,Toshiba TC358790XBG,https://www.amazon.ca/dp/B01M0HXQAK?tag=pckombo04b-20&linkCode=osi&th=1&psc=1
Toshiba RC500 250 GB,,Toshiba,RC500-M22280-250G,811375030086,,M.2,NVM,250 GB,TLC,Toshiba,
Toshiba RC500 500 GB,,Toshiba,RC500-M22280-500G,811375030093,,M.2,NVM,500 GB,TLC,Toshiba,
Toshiba RD500 1000 GB,,Toshiba,RD500-M22280-1000G,811375030123,,M.2,NVM,1000 GB,TLC,Toshiba,
Toshiba RD500 500 GB,,Toshiba,RD500-M22280-500G,811375030116,,M.2,NVM,500 GB,TLC,Toshiba,
Toshiba TR200 240 GB,214.10 zł,Toshiba,TR200 25SAT3-240G,889661182696,,SATA,SATA,240 GB,TLC,Phison S11,https://www.amazon.ca/Toshiba-Memory-America-TR200-Internal/dp/B076DWV18J?psc=1&SubscriptionId=AKIAI7B523DQIKTQ3BRQ&tag=pckombo04b-20&linkCode=xm2&camp=2025&creative=165953&creativeASIN=B076DWV18J
Toshiba TR200 480 GB,464.61 zł,Toshiba,TR200 25SAT3-480G,889661182702,,SATA,SATA,480 GB,TLC,Phison S11,https://www.amazon.ca/dp/B076F364XX?tag=pckombo04b-20&linkCode=osi&th=1&psc=1
Toshiba TR200 960 GB,990.34 zł,Toshiba,TR200 25SAT3-960G,889661182719,,SATA,SATA,960 GB,TLC,Phison S11,https://www.amazon.ca/Toshiba-America-Internal-THN-TR20Z9600U8-CS/dp/B076DZ9DYH?psc=1&SubscriptionId=AKIAI7B523DQIKTQ3BRQ&tag=pckombo04b-20&linkCode=xm2&camp=2025&creative=165953&creativeASIN=B076DZ9DYH
Transcend 120GB TLC -,,Transcend,TS120GMTS820,760557836278,,M.2,SATA,120 GB,,,
Transcend 2240 128GB MLC - 2242,267.48 zł,Transcend,TS128GMTS400,760557828983,,M.2,SATA,128 GB,,,https://www.amazon.ca/dp/B00KLTPUU0?tag=pckombo04b-20&linkCode=osi&th=1&psc=1
Western Digital Black NVMe M.2 Solid State Drive,186.88 zł,Western Digital,WDS512G1X0C,718037854564,,M.2,NVM,512 GB,TLC,Marvell 88SS1093,https://www.amazon.ca/dp/B01MR4VOBZ?tag=pckombo04b-20&linkCode=osi&th=1&psc=1
Western Digital Black NVMe M.2 Solid State Drive,324.75 zł,Western Digital,WDS250G2X0C,718037859057,,M.2,NVM,250 GB,TLC,Sandisk,https://www.amazon.ca/dp/B07C9H8MHD?tag=pckombo04b-20&linkCode=osi&th=1&psc=1
Western Digital Black NVMe M.2 Solid State Drive,412.74 zł,Western Digital,WDS256G1X0C,718037854557,,M.2,NVM,256 GB,TLC,Marvell 88SS1093,https://www.amazon.ca/Black-256GB-Performance-SSD-WDS256G1X0C/dp/B01MS6BYJD?psc=1&SubscriptionId=AKIAI7B523DQIKTQ3BRQ&tag=pckombo04b-20&linkCode=xm2&camp=2025&creative=165953&creativeASIN=B01MS6BYJD
Western Digital Black NVMe M.2 Solid State Drive,501.22 zł,Western Digital,WDS500G2X0C,718037859040,,M.2,NVM,500 GB,TLC,Sandisk,https://www.amazon.ca/dp/B07BR9FV1C?tag=pckombo04b-20&linkCode=osi&th=1&psc=1
Western Digital Black SN750 NVMe M.2 Solid State Drive 250 GB,212.93 zł,Western Digital,WDS250G3X0C,718037865386,,M.2,NVM,250 GB,TLC,Sandisk,https://www.amazon.ca/dp/B07M64R4CR?tag=pckombo04b-20&linkCode=osi&th=1&psc=1
Western Digital Black SN750 NVMe M.2 Solid State Drive 500 GB,232.42 zł,Western Digital,WDS500G3X0C,718037865362,,M.2,NVM,500 GB,TLC,Sandisk,https://www.amazon.ca/dp/B07MH2P5ZD?tag=pckombo04b-20&linkCode=osi&th=1&psc=1
Western Digital Black SN750 Solid State Drive 1000 GB,772.47 zł,Western Digital,WDS100T3XHC,718037866666,,M.2,NVM,1000 GB,TLC,Sandisk,https://www.amazon.ca/dp/B07MQ468S8?tag=pckombo04b-20&linkCode=osi&th=1&psc=1
Western Digital Black SN850 NVMe M.2 Solid State Drive 1000 GB,492.21 zł,Western Digital,WDS100T1X0E,718037875934,,M.2,NVM,1000 GB,TLC,Western Digital Black G2,https://www.amazon.ca/dp/B08KFS6THF?tag=pckombo04b-20&linkCode=osi&th=1&psc=1
Western Digital Black SN850 NVMe M.2 Solid State Drive 1000 GB,546.46 zł,Western Digital,WDS100T1XHE,718037875910,,M.2,NVM,1000 GB,TLC,Western Digital Black G2,https://www.amazon.ca/dp/B08PHSVW7K?tag=pckombo04b-20&linkCode=osi&th=1&psc=1
Western Digital Black SN850 NVMe M.2 Solid State Drive 2000 GB,834.04 zł,Western Digital,WDS200T1X0E,718037875927,,M.2,NVM,2000 GB,TLC,Western Digital Black G2,https://www.amazon.ca/dp/B08KFRFL8F?tag=pckombo04b-20&linkCode=osi&th=1&psc=1
Western Digital Black SN850 NVMe M.2 Solid State Drive 2000 GB,902.42 zł,Western Digital,WDS200T1XHE,718037875965,,M.2,NVM,2000 GB,TLC,Western Digital Black G2,https://www.amazon.ca/dp/B08PMLYV9H?tag=pckombo04b-20&linkCode=osi&th=1&psc=1
Western Digital Black SN850 NVMe M.2 Solid State Drive 500 GB,300.77 zł,Western Digital,WDS500G1X0E,718037875880,,M.2,NVM,500 GB,TLC,Western Digital Black G2,https://www.amazon.ca/dp/B08KFN1KT1?tag=pckombo04b-20&linkCode=osi&th=1&psc=1
Western Digital Blue,352.34 zł,Western Digital,WDS250G1B0A,718037852881,,SATA,SATA,250 GB,TLC,Marvell 88SS1074,https://www.amazon.ca/dp/B01LXDQX35?tag=pckombo04b-20&linkCode=osi&th=1&psc=1
Western Digital Blue,552.27 zł,Western Digital,WDS500G1B0A,718037852898,,SATA,SATA,500 GB,TLC,Marvell 88SS1074,https://www.amazon.ca/dp/B01LWQ9LYV?tag=pckombo04b-20&linkCode=osi&th=1&psc=1
Western Digital Blue 3D 1000 GB,339.04 zł,Western Digital,WDS100T2B0A,718037856278,,SATA,SATA,1000 GB,,,https://www.amazon.ca/dp/B073SBQMCX?tag=pckombo04b-20&linkCode=osi&th=1&psc=1
Western Digital Blue 3D 2000 GB,423.86 zł,Western Digital,WDS200T2B0A,718037856315,,SATA,SATA,2000 GB,,,https://www.amazon.ca/dp/B073SBRHH6?tag=pckombo04b-20&linkCode=osi&th=1&psc=1
Western Digital Blue 3D 250 GB,188.65 zł,Western Digital,WDS250G2B0A,718037856339,,SATA,SATA,250 GB,,,https://www.amazon.ca/dp/B073SB2MXW?tag=pckombo04b-20&linkCode=osi&th=1&psc=1
Western Digital Blue 3D 500 GB,210.55 zł,Western Digital,WDS500G2B0A,718037856308,,SATA,SATA,500 GB,,,https://www.amazon.ca/dp/B073SBZ8YH?tag=pckombo04b-20&linkCode=osi&th=1&psc=1
Western Digital Blue 3D M.2 - 1 TB 1000 GB,401.43 zł,Western Digital,WDS100T2B0B,718037856322,,M.2,SATA,1000 GB,,,https://www.amazon.ca/dp/B073SB2MXT?tag=pckombo04b-20&linkCode=osi&th=1&psc=1
Western Digital Blue 3D M.2 - 2 TB 2000 GB,451.19 zł,Western Digital,WDS200T2B0B,718037856285,,M.2,NVM,2000 GB,,,https://www.amazon.ca/dp/B073SBW3VD?tag=pckombo04b-20&linkCode=osi&th=1&psc=1
Western Digital Blue 3D M.2 Solid State Drive 250 GB,191.40 zł,Western Digital,WDS250G2B0B,718037856292,,M.2,SATA,250 GB,TLC,,https://www.amazon.ca/dp/B073SBV3XX?tag=pckombo04b-20&linkCode=osi&th=1&psc=1
Western Digital Blue 3D M.2 Solid State Drive 500 GB,191.40 zł,Western Digital,WDS500G2B0B,718037856261,,M.2,SATA,500 GB,,,https://www.amazon.ca/dp/B073SBX6TY?tag=pckombo04b-20&linkCode=osi&th=1&psc=1
Western Digital Blue M.2 Solid State Drive,,Western Digital,WDS250G1B0B,718037852928,,M.2,SATA,250 GB,TLC,Marvell 88SS1074,
Western Digital Blue M.2 Solid State Drive,,Western Digital,WDS500G1B0B,718037852874,,M.2,SATA,500 GB,TLC,Marvell 88SS1074,
Western Digital Blue M.2 Solid State Drive,,Western Digital,WDS100T1B0B,718037852935,,M.2,SATA,1000 GB,TLC,Marvell 88SS1074,
Western Digital Blue SN500 NVMe 500 GB,,Western Digital,WDS500G1B0C,718037868141,,M.2,NVM,500 GB,TLC,Sandisk,
Western Digital Blue SN550 NVMe 2000 GB,756.15 zł,Western Digital,WDS200T2B0C,718037881379,,M.2,NVM,2000 GB,TLC,Western Digital,https://www.amazon.ca/dp/B08K4NP5DQ?tag=pckombo04b-20&linkCode=osi&th=1&psc=1
Western Digital Blue SN550 NVMe 250 GB,136.70 zł,Western Digital,WDS250G2B0C,718037868745,,M.2,NVM,250 GB,TLC,Western Digital,https://www.amazon.ca/dp/B07YFF8879?tag=pckombo04b-20&linkCode=osi&th=1&psc=1
Western Digital Green,,Western Digital,WDS120G1G0A,718037852959,,SATA,SATA,120 GB,TLC,Silicon Motion SM2256,
Western Digital Green,,Western Digital,WDS240G1G0A,718037852966,,SATA,SATA,240 GB,TLC,Silicon Motion SM2256,
Western Digital Green 120 GB,128.67 zł,Western Digital,WDS120G2G0A,718037858517,,SATA,SATA,120 GB,,,https://www.amazon.ca/dp/B076XWDN6V?tag=pckombo04b-20&linkCode=osi&th=1&psc=1
Western Digital Green 240 GB,164.67 zł,Western Digital,WDS240G2G0A,718037858494,,SATA,SATA,240 GB,,,https://www.amazon.ca/dp/B076Y374ZH?tag=pckombo04b-20&linkCode=osi&th=1&psc=1
Western Digital Green M.2 Solid State Drive,,Western Digital,WDS240G1G0B,718037853000,,M.2,SATA,240 GB,TLC,Silicon Motion SM2256,
Western Digital Green M.2 Solid State Drive 120 GB,125.99 zł,Western Digital,WDS120G2G0B,718037852997,,M.2,SATA,120 GB,TLC,Silicon Motion SM2256,https://www.amazon.ca/Western-Digital-Green-WDS120G2G0B-Internal/dp/B078WYRR9S?psc=1&SubscriptionId=AKIAI7B523DQIKTQ3BRQ&tag=pckombo04b-20&linkCode=xm2&camp=2025&creative=165953&creativeASIN=B078WYRR9S
Western Digital Green M.2 Solid State Drive 240 GB,180.09 zł,Western Digital,WDS240G2G0B,718037858845,,M.2,SATA,240 GB,TLC,Silicon Motion SM2256S,https://www.amazon.ca/dp/B078WYS5K6?tag=pckombo04b-20&linkCode=osi&th=1&psc=1
ZOTAC T400,,ZOTAC,ZTSSD-S11-120G-TD,4895173610066,,SATA,SATA,120 GB,,,
