title,price,img-src,brand,model_core,frequency_title,part_number,frequency,cores,unlocked_multiplier,socket,benchmark_score,rodzaj,price_numeric
"Procesor AMD Ryzen Threadripper 7960X, 4.2 GHz, 128 MB, OEM (100-000001352)","7 229,14 zł",https://images.morele.net/i256/13145947_0_i256.jpg,AMD,Ryzen Threadripper 7960X,4.2 GHz,100-000001352,4.2 GHz,24 rdzenie,Tak,Socket sTR5,82113,,7229.14
"Procesor AMD Ryzen Threadripper Pro 5965WX, 3.8 GHz, 128 MB, OEM (100-000000446)","7 668,78 zł",https://images.morele.net/i256/11853704_0_i256.jpg,AMD,Ryzen Threadripper Pro 5965WX,3.8 GHz,100-000000446,3.8 GHz,24 rdzenie,Nie,Socket sWRX8,66026,,7668.78
"Procesor AMD Ryzen Threadripper Pro 5975WX, 3.6 GHz, 128 MB, BOX (100-100000445WOF)","7 862,89 zł",https://images.morele.net/i256/11092654_1_i256.jpg,AMD,Ryzen Threadripper Pro 5975WX,3.6 GHz,100-100000445WOF,3.6 GHz,32 rdzenie,Nie,Socket sWRX8,75908,,7862.89
"Procesor AMD Ryzen Threadripper Pro 5975WX, 3.6 GHz, 128 MB, OEM (100-000000445)","7 862,89 zł",https://images.morele.net/i256/11853481_1_i256.jpg,AMD,Ryzen Threadripper Pro 5975WX,3.6 GHz,100-000000445,3.6 GHz,32 rdzenie,Nie,Socket sWRX8,75908,,7862.89
"Procesor AMD Ryzen Threadripper 7970X, 4 GHz, 128 MB, OEM (100-000001351)","10 194,29 zł",https://images.morele.net/i256/13145950_0_i256.jpg,AMD,Ryzen Threadripper 7970X,4 GHz,100-000001351,4 GHz,32 rdzenie,Tak,Socket sTR5,98111,,10194.29
"Procesor AMD Ryzen Threadripper 7970X, 4 GHz, 128 MB, BOX (100-100001351WOF)","11 243,34 zł",https://images.morele.net/i256/13145978_2_i256.jpg,AMD,Ryzen Threadripper 7970X,4 GHz,100-100001351WOF,4 GHz,32 rdzenie,Tak,Socket sTR5,99129,,11243.34
"Procesor AMD Ryzen Threadripper Pro 7965WX, 4.2 GHz, 128 MB, BOX (100-100000885WOF)","12 235,58 zł",https://images.morele.net/i256/13145951_11_i256.jpg,AMD,Ryzen Threadripper Pro 7965WX,4.2 GHz,100-100000885WOF,4.2 GHz,24 rdzenie,Nie,Socket sTR5 Pro,84785,,12235.58
"Procesor AMD Ryzen Threadripper Pro 7965WX, 4.2 GHz, 128 MB, OEM (100-000000885)","13 079,34 zł",https://images.morele.net/i256/13204901_0_i256.jpg,AMD,Ryzen Threadripper Pro 7965WX,4.2 GHz,100-000000885,4.2 GHz,24 rdzenie,Nie,Socket sTR5 Pro,84785,,13079.34
"Procesor AMD Ryzen Threadripper Pro 7975WX, 4 GHz, 128 MB, BOX (100-100000453WOF)","18 136,65 zł",https://images.morele.net/i256/13145953_1_i256.jpg,AMD,Ryzen Threadripper Pro 7975WX,4 GHz,100-100000453WOF,4 GHz,32 rdzenie,Tak,Socket sTR5 Pro,93978,,18136.65
"Procesor AMD Ryzen Threadripper Pro 7975WX, 4 GHz, 128 MB, OEM (100-000000453 )","20 570,99 zł",https://images.morele.net/i256/13186523_0_i256.jpg,AMD,Ryzen Threadripper Pro 7975WX,4 GHz,100-000000453 ,4 GHz,32 rdzenie,Tak,Socket sTR5 Pro,93978,,20570.99
"Procesor AMD Ryzen Threadripper 7980X, 3.2 GHz, 256 MB, BOX (100-100001350WOF)","21 568,23 zł",https://images.morele.net/i256/13145979_2_i256.jpg,AMD,Ryzen Threadripper 7980X,3.2 GHz,100-100001350WOF,3.2 GHz,64 rdzenie,Tak,Socket sTR5,137775,,21568.23
"Procesor AMD Ryzen Threadripper 7980X, 3.2 GHz, 256 MB, OEM (100-000001350)","23 878,85 zł",https://images.morele.net/i256/13145952_0_i256.jpg,AMD,Ryzen Threadripper 7980X,3.2 GHz,100-000001350,3.2 GHz,64 rdzenie,Tak,Socket sTR5,137775,,23878.85
"Procesor AMD Ryzen Threadripper Pro 5995WX, 2.7 GHz, 256 MB, BOX (100-100000444WOF)","24 518,29 zł",https://images.morele.net/i256/11811238_1_i256.jpg,AMD,Ryzen Threadripper Pro 5995WX,2.7 GHz,100-100000444WOF,2.7 GHz,64 rdzenie,Nie,Socket sWRX8,94808,,24518.29
"Procesor AMD Ryzen Threadripper Pro 5995WX, 2.7 GHz, 256 MB, OEM (100-000000444)","24 518,29 zł",https://images.morele.net/i256/12887428_0_i256.jpg,AMD,Ryzen Threadripper Pro 5995WX,2.7 GHz,100-000000444,2.7 GHz,64 rdzenie,Nie,Socket sWRX8,94808,,24518.29
"Procesor AMD Ryzen Threadripper Pro 7985WX, 3.2 GHz, 256 MB, BOX (100-100000454WOF)","34 862,94 zł",https://images.morele.net/i256/13178709_0_i256.jpg,AMD,Ryzen Threadripper Pro 7985WX,3.2 GHz,100-100000454WOF,3.2 GHz,64 rdzenie,Tak,Socket sTR5 Pro,137139,,34862.94
"Procesor AMD Ryzen Threadripper Pro 7985WX, 3.2 GHz, 256 MB, OEM (100-000000454)","35 886,18 zł",https://images.morele.net/i256/13189443_0_i256.jpg,AMD,Ryzen Threadripper Pro 7985WX,3.2 GHz,100-000000454,3.2 GHz,64 rdzenie,Tak,Socket sTR5 Pro,137139,,35886.18
"Procesor AMD Ryzen Threadripper Pro 7995WX, 2.5 GHz, 384 MB, OEM (100-000000884)","44 370,11 zł",https://images.morele.net/i256/13180348_0_i256.jpg,AMD,Ryzen Threadripper Pro 7995WX,2.5 GHz,100-000000884,2.5 GHz,96 rdzeni,Tak,Socket sTR5 Pro,153096,,44370.11
"Procesor AMD Ryzen Threadripper Pro 7995WX, 2.5 GHz, 384 MB, BOX (100-100000884WOF)","48 057,34 zł",https://images.morele.net/i256/13145948_1_i256.jpg,AMD,Ryzen Threadripper Pro 7995WX,2.5 GHz,100-100000884WOF,2.5 GHz,96 rdzeni,Tak,Socket sTR5 Pro,153096,,48057.34
"Procesor Intel Core i9-12900F, 2.4 GHz, 30 MB, BOX (BX8071512900F)","1 728,15 zł",https://images.morele.net/i256/9658362_0_i256.jpg,Intel,Core i9-12900F,2.4 GHz,BX8071512900F,2.4 GHz,16 rdzeni,Nie,Socket 1700,37072,,1728.15
"Procesor AMD Ryzen 5 9600, 3.8 GHz, 32 MB, BOX (100-100000718BOX)","1 735,17 zł",https://images.morele.net/i256/14729910_1_i256.jpg,AMD,Ryzen 5 9600,3.8 GHz,100-100000718BOX,3.8 GHz,6 rdzeni,Tak,Socket AM5,29481,,1735.17
"Procesor Intel Core Ultra 7 265F, 2.4 GHz, 30 MB, OEM (AT8076806413)","1 761,19 zł",https://images.morele.net/i256/14634709_1_i256.jpg,Intel,Core Ultra 7 265F,2.4 GHz,AT8076806413,2.4 GHz,20 rdzeni,Tak,Socket 1851,48702,,1761.19
"Procesor Intel Core i7-13700KF, 3.4 GHz, 30 MB, OEM (CM8071504820706)","1 786,87 zł",https://images.morele.net/i256/13112511_0_i256.jpg,Intel,Core i7-13700KF,3.4 GHz,CM8071504820706,3.4 GHz,16 rdzeni,Tak,Socket 1700,46458,,1786.87
"Procesor AMD Ryzen 7 7700, 3.8 GHz, 32 MB, MPK (100-100000592MPK)","1 824,90 zł",https://images.morele.net/i256/13129745_0_i256.jpg,AMD,Ryzen 7 7700,3.8 GHz,100-100000592MPK,3.8 GHz,8 rdzeni,Tak,Socket AM5,34798,,1824.9
"Procesor Intel Core i7-12700T, 1.4 GHz, 25 MB, OEM (CM8071504555117)","1 820,45 zł",https://images.morele.net/i256/9658379_0_i256.jpg,Intel,Core i7-12700T,1.4 GHz,CM8071504555117,1.4 GHz,12 rdzeni,Nie,Socket 1700,21832,,1820.45
"Procesor AMD Ryzen 9 Pro 7945, 3.7 GHz, 64 MB, OEM (100-000000598)","1 874,84 zł",https://images.morele.net/i256/12938747_0_i256.jpg,AMD,Ryzen 9 Pro 7945,3.7 GHz,100-000000598,3.7 GHz,12 rdzeni,Tak,Socket AM5,4966,,1874.84
"Procesor AMD Ryzen 9 Pro 7945, 3.7 GHz, 64 MB, MPK (100-100000598MPK)","1 875,41 zł",https://images.morele.net/i256/12938748_1_i256.jpg,AMD,Ryzen 9 Pro 7945,3.7 GHz,100-100000598MPK,3.7 GHz,12 rdzeni,Tak,Socket AM5,4966,,1875.41
"Procesor AMD Ryzen 5 Pro 8600G, 4.3 GHz, 16 MB, OEM (100-000001239)","1 909,18 zł",https://images.morele.net/i256/13465452_0_i256.jpg,AMD,Ryzen 5 Pro 8600G,4.3 GHz,100-000001239,4.3 GHz,6 rdzeni,Tak,Socket AM5,25928,,1909.18
"Procesor Intel Core i7-14700T, 1.3 GHz, 33 MB, OEM (CM8071504820908)","1 921,36 zł",https://images.morele.net/i256/13172931_0_i256.jpg,Intel,Core i7-14700T,1.3 GHz,CM8071504820908,1.3 GHz,20 rdzeni,Nie,Socket 1700,49008,,1921.36
"Procesor Intel Core Ultra 7 265F, 2.4 GHz, 30 MB, OEM (AT8076806411)","1 935,70 zł",https://images.morele.net/i256/14637178_1_i256.jpg,Intel,Core Ultra 7 265F,2.4 GHz,AT8076806411,2.4 GHz,20 rdzeni,Tak,Socket 1851,Brak danych,,1935.7
"Procesor Intel Core i9-14900KF, 3.2 GHz, 36 MB, OEM (CM8071505094018)","1 983,88 zł",https://images.morele.net/i256/13133239_1_i256.jpg,Intel,Core i9-14900KF,3.2 GHz,CM8071505094018,3.2 GHz,24 rdzenie,Tak,Socket 1700,61093,,1983.88
"Procesor Intel Core i9-13900F, 2 GHz, 36 MB, OEM (CM8071504820606)","2 004,69 zł",https://images.morele.net/i256/13112523_0_i256.jpg,Intel,Core i9-13900F,2 GHz,CM8071504820606,2 GHz,24 rdzenie,Nie,Socket 1700,52505,,2004.69
"Procesor AMD Ryzen 7 Pro 5750GE, 3.2 GHz, 16 MB, OEM (100-000000257)","2 006,50 zł",https://images.morele.net/i256/8536085_2_i256.jpg,AMD,Ryzen 7 Pro 5750GE,3.2 GHz,100-000000257,3.2 GHz,8 rdzeni,Nie,Socket AM4,22038,,2006.5
"Procesor AMD Ryzen 7 Pro 8700G, 4.2 GHz, 16 MB, OEM (100-000001238)","2 006,50 zł",https://images.morele.net/i256/13465449_2_i256.jpg,AMD,Ryzen 7 Pro 8700G,4.2 GHz,100-000001238,4.2 GHz,8 rdzeni,Tak,Socket AM5,31799,,2006.5
"Procesor Intel Core i9-13900KF, 3 GHz, 36 MB, OEM (CM8071505094012)","2 069,54 zł",https://images.morele.net/i256/13112517_0_i256.jpg,Intel,Core i9-13900KF,3 GHz,CM8071505094012,3 GHz,24 rdzenie,Tak,Socket 1700,58829,,2069.54
"Procesor AMD Ryzen 9 7900, 3.7 GHz, 64 MB, MPK (100-100000590MPK)","2 258,98 zł",https://images.morele.net/i256/13113443_0_i256.jpg,AMD,Ryzen 9 7900,3.7 GHz,100-100000590MPK,3.7 GHz,12 rdzeni,Tak,Socket AM5,49043,,2258.98
"Procesor AMD Ryzen 7 9800X3D, 4.7 GHz, 96 MB, OEM (100-000001084)",2 299 zł,https://images.morele.net/i256/14209712_0_i256.jpg,AMD,Ryzen 7 9800X3D,4.7 GHz,100-000001084,4.7 GHz,8 rdzeni,Tak,Socket AM5,Brak danych,,
"Procesor Intel Core i9-14900, 2 GHz, 36 MB, BOX (BX8071514900)","2 598,74 zł",https://images.morele.net/i256/13155877_0_i256.jpg,Intel,Core i9-14900,2 GHz,BX8071514900,2 GHz,24 rdzenie,Nie,Socket 1700,57276,,2598.74
"Procesor Intel Core i9-14900F, 2 GHz, 36 MB, OEM (CM8071504820610)","2 641,24 zł",https://images.morele.net/i256/13172920_0_i256.jpg,Intel,Core i9-14900F,2 GHz,CM8071504820610,2 GHz,24 rdzenie,Nie,Socket 1700,62010,,2641.24
"Procesor Intel Core i9-14900, 2 GHz, 36 MB, OEM (CM8071504820609)","2 689,62 zł",https://images.morele.net/i256/13172919_0_i256.jpg,Intel,Core i9-14900,2 GHz,CM8071504820609,2 GHz,24 rdzenie,Nie,Socket 1700,57276,,2689.62
"Procesor Intel Core i9-10900X, 3.7 GHz, 19.25 MB, OEM (CD8069504382100)","2 705,50 zł",https://images.morele.net/i256/6551008_0_i256.jpg,Intel,Core i9-10900X,3.7 GHz,CD8069504382100,3.7 GHz,10 rdzeni,Tak,Socket 2066,22473,,2705.5
"Procesor Intel Core i7-13700T, 1.4 GHz, 30 MB, OEM (CM8071504820903)","2 749,33 zł",https://images.morele.net/i256/13112512_0_i256.jpg,Intel,Core i7-13700T,1.4 GHz,CM8071504820903,1.4 GHz,16 rdzeni,Nie,Socket 1700,28855,,2749.33
"Procesor Intel Core i9-13900, 2 GHz, 36 MB, OEM (CM8071504820605)","2 758,09 zł",https://images.morele.net/i256/13112514_0_i256.jpg,Intel,Core i9-13900,2 GHz,CM8071504820605,2 GHz,24 rdzenie,Nie,Socket 1700,47851,,2758.09
AMD Ryzen 7 PRO 7745 AM5 65W 8C/16T 5.3GHz MPK,"2 793,95 zł",https://images.morele.net/i256/14828191_0_i256.jpg,,,,,,,,,,,2793.95
"Procesor Intel Core Ultra 9 285, 2.5 GHz, 36 MB, OEM (AT8076806418)","2 908,49 zł",https://images.morele.net/i256/14505020_1_i256.jpg,Intel,Core Ultra 9 285,2.5 GHz,AT8076806418,2.5 GHz,24 rdzenie,Nie,Socket 1851,54654,,2908.49
"Procesor Intel Core i9-14900KS, 3.2 GHz, 36 MB, OEM (CM8071504820506)","2 980,99 zł",https://images.morele.net/i256/13221540_0_i256.jpg,Intel,Core i9-14900KS,3.2 GHz,CM8071504820506,3.2 GHz,24 rdzenie,Tak,Socket 1700,62465,,2980.99
"Procesor Intel Core i9-13900T, 1.1 GHz, 36 MB, OEM (CM8071504820403)","3 281,18 zł",https://images.morele.net/i256/13133434_0_i256.jpg,Intel,Core i9-13900T,1.1 GHz,CM8071504820403,1.1 GHz,24 rdzenie,Nie,Socket 1700,44159,,3281.18
"Procesor AMD Ryzen 9 7950X, 4.5 GHz, 64 MB, OEM (100-000000514)","3 353,99 zł",https://images.morele.net/i256/13127996_0_i256.jpg,AMD,Ryzen 9 7950X,4.5 GHz,100-000000514,4.5 GHz,16 rdzeni,Tak,Socket AM5,63187,,3353.99
"Procesor AMD Ryzen Threadripper Pro 5955WX, 4 GHz, 64 MB, OEM (100-000000447)","3 498,89 zł",https://images.morele.net/i256/13116119_2_i256.jpg,AMD,Ryzen Threadripper Pro 5955WX,4 GHz,100-000000447,4 GHz,16 rdzeni,Nie,Socket sWRX8,50199,,3498.89
"Procesor AMD Ryzen 5 9600, 3.8 GHz, 32 MB, OEM (100-000000718)","1 108,39 zł",https://images.morele.net/i256/14744233_2_i256.jpg,AMD,Ryzen 5 9600,3.8 GHz,100-000000718,3.8 GHz,6 rdzeni,Tak,Socket AM5,29481,,1108.39
"Procesor Intel Core i5-9500T, 2.2 GHz, 9 MB, OEM (CM8068403362510)","1 155,57 zł",https://images.morele.net/i256/6059717_1_i256.jpg,Intel,Core i5-9500T,2.2 GHz,CM8068403362510,2.2 GHz,6 rdzeni,Nie,Socket 1151 (Coffee Lake),8176,,1155.57
"Procesor Intel Core i5-14500T, 1.7 GHz, 24 MB, OEM (CM8071505092904)","1 160,47 zł",https://images.morele.net/i256/13172930_0_i256.jpg,Intel,Core i5-14500T,1.7 GHz,CM8071505092904,1.7 GHz,14 rdzeni,Nie,Socket 1700,"23439, 32232",,1160.47
"Procesor Intel Core Ultra 5 225, 3.3 GHz, 20 MB, BOX (BX80768225)","1 159,04 zł",https://images.morele.net/i256/14481753_1_i256.jpg,Intel,Core Ultra 5 225,3.3 GHz,BX80768225,3.3 GHz,10 rdzeni,Nie,Socket 1851,Brak danych,,1159.04
"Procesor Intel Core i5-13500T, 1.6 GHz, 24 MB, OEM (CM8071505092901)","1 161,18 zł",https://images.morele.net/i256/13112507_0_i256.jpg,Intel,Core i5-13500T,1.6 GHz,CM8071505092901,1.6 GHz,14 rdzeni,Nie,Socket 1700,24094,,1161.18
"Procesor AMD Ryzen 3 Pro 8300G, 3.4 GHz, 8 MB, OEM (100-000001187)","1 213,40 zł",https://images.morele.net/i256/13465454_0_i256.jpg,AMD,Ryzen 3 Pro 8300G,3.4 GHz,100-000001187,3.4 GHz,4 rdzenie,Tak,Socket AM5,13960,,1213.4
"Procesor Intel Core i7-13700F, 1.5 GHz, 30 MB, OEM (CM8071504820806)","1 247,99 zł",https://images.morele.net/i256/13112521_0_i256.jpg,Intel,Core i7-13700F,1.5 GHz,CM8071504820806,1.5 GHz,16 rdzeni,Nie,Socket 1700,39541,,1247.99
"Procesor Intel Core i5-14600T, 1.8 GHz, 24 MB, OEM (CM8071504821019)","1 280,89 zł",https://images.morele.net/i256/13172928_0_i256.jpg,Intel,Core i5-14600T,1.8 GHz,CM8071504821019,1.8 GHz,14 rdzeni,Nie,Socket 1700,25110,,1280.89
"Procesor AMD Ryzen 9 5900XT, 3.3 GHz, 64 MB, BOX (100-100001581WOF)",1 299 zł,https://images.morele.net/i256/13331766_0_i256.jpg,AMD,Ryzen 9 5900XT,3.3 GHz,100-100001581WOF,3.3 GHz,16 rdzeni,Tak,Socket AM4,44576,,
"Procesor AMD Ryzen 7 5700X, 3.4 GHz, 32 MB, MPK (100-100000926SPK)","1 313,12 zł",https://images.morele.net/i256/14689613_0_i256.jpg,AMD,Ryzen 7 5700X,3.4 GHz,100-100000926SPK,3.4 GHz,8 rdzeni,Tak,Socket AM4,26749,,1313.12
"Procesor Intel Core Ultra 5 245KF, 3.6 GHz, 24 MB, OEM (AT8076806414)",1 319 zł,https://images.morele.net/i256/14415023_1_i256.jpg,Intel,Core Ultra 5 245KF,3.6 GHz,AT8076806414,3.6 GHz,14 rdzeni,Tak,Socket 1851,42561,,
"Procesor Intel Core Ultra 5 245, 3.5 GHz, 24 MB, OEM (AT8076806775)","1 327,94 zł",https://images.morele.net/i256/14508099_1_i256.jpg,Intel,Core Ultra 5 245,3.5 GHz,AT8076806775,3.5 GHz,14 rdzeni,Nie,Socket 1851,Brak danych,,1327.94
"Procesor AMD Ryzen 5 Pro 8500G, 3.5 GHz, 16 MB, OEM (100-000001183)","1 331,38 zł",https://images.morele.net/i256/13465463_0_i256.jpg,AMD,Ryzen 5 Pro 8500G,3.5 GHz,100-000001183,3.5 GHz,6 rdzeni,Tak,Socket AM5,21807,,1331.38
"Procesor Intel Core i5-14500, 2.6 GHz, 24 MB, OEM (CM8071505093104)","1 357,65 zł",https://images.morele.net/i256/13172934_0_i256.jpg,Intel,Core i5-14500,2.6 GHz,CM8071505093104,2.6 GHz,14 rdzeni,Nie,Socket 1700,32232,,1357.65
"Procesor Intel Core i7-14700F, 2.1 GHz, 33 MB, OEM (CM8071504820816)","1 357,26 zł",https://images.morele.net/i256/13172900_0_i256.jpg,Intel,Core i7-14700F,2.1 GHz,CM8071504820816,2.1 GHz,20 rdzeni,Nie,Socket 1700,47379,,1357.26
"Procesor Intel® Core™ I7-14700F (33M Cache, up to 5.40 GHz) Tray","1 385,85 zł",https://images.morele.net/i256/14910440_0_i256.jpg,Intel,,,"33M Cache, up to 5.40 GHz",,,,,,,1385.85
"Procesor AMD Ryzen 5 5600G, 3.9 GHz, 16 MB, MPK (100-100000252MPK)","1 396,98 zł",https://images.morele.net/i256/8536080_2_i256.jpg,AMD,Ryzen 5 5600G,3.9 GHz,100-100000252MPK,3.9 GHz,6 rdzeni,Tak,Socket AM4,19903,,1396.98
"Procesor Intel Core i7-9700, 3 GHz, 12 MB, OEM (CM8068403874521)","1 412,90 zł",https://images.morele.net/i256/6051315_2_i256.jpg,Intel,Core i7-9700,3 GHz,CM8068403874521,3 GHz,8 rdzeni,Nie,Socket 1151 (Coffee Lake),13264,,1412.9
"Procesor AMD Ryzen 7 Pro 3700, 3.6 GHz, 32 MB, OEM (100-000000073)","1 446,98 zł",https://images.morele.net/i256/9010121_0_i256.jpg,AMD,Ryzen 7 Pro 3700,3.6 GHz,100-000000073,3.6 GHz,8 rdzeni,Tak,Socket AM4,22899,,1446.98
"Procesor Intel Core Ultra 7 265F, 2.4 GHz, 30 MB, BOX (BX80768265F)","1 457,73 zł",https://images.morele.net/i256/14689619_1_i256.jpg,Intel,Core Ultra 7 265F,2.4 GHz,BX80768265F,2.4 GHz,20 rdzeni,Tak,Socket 1851,49478,,1457.73
"Procesor AMD Ryzen 5 7600X3D, 4.1 GHz, 96 MB, OEM (100-100001721)","1 462,49 zł",https://images.morele.net/i256/14461469_1_i256.jpg,AMD,Ryzen 5 7600X3D,4.1 GHz,100-100001721,4.1 GHz,6 rdzeni,Nie,Socket AM5,25724,,1462.49
"Procesor AMD Ryzen 9 7900X, 4.7 GHz, 64 MB, OEM (100-000000589)","1 479,41 zł",https://images.morele.net/i256/12887429_0_i256.jpg,AMD,Ryzen 9 7900X,4.7 GHz,100-000000589,4.7 GHz,12 rdzeni,Tak,Socket AM5,52113,,1479.41
"Procesor Intel Core i5-9500TE, 2.2 GHz, 9 MB, OEM (CM8068404404726)","1 525,79 zł",https://images.morele.net/i256/13133448_0_i256.jpg,Intel,Core i5-9500TE,2.2 GHz,CM8068404404726,2.2 GHz,6 rdzeni,Nie,Socket 1151 (Coffee Lake),9848,,1525.79
"Procesor Intel Core Ultra 7 265F, 2.4 GHz, 30 MB, BOX (BX80768265)","1 534,56 zł",https://images.morele.net/i256/14675605_5_i256.jpg,Intel,Core Ultra 7 265F,2.4 GHz,BX80768265,2.4 GHz,20 rdzeni,Tak,Socket 1851,48702,,1534.56
"Procesor AMD Ryzen 7 8700G, 4.2 GHz, 16 MB, MPK (100-100001236MPK)","1 578,18 zł",https://images.morele.net/i256/13170055_0_i256.jpg,AMD,Ryzen 7 8700G,4.2 GHz,100-100001236MPK,4.2 GHz,8 rdzeni,Tak,Socket AM5,32143,,1578.18
"Procesor Intel Core Ultra 7 265KF, 3.3 GHz, 30 MB, BOX (BX80768265KF S RQCU)","1 600,54 zł",https://images.morele.net/i256/14844523_0_i256.jpg,Intel,Core Ultra 7 265KF,3.3 GHz,BX80768265KF S RQCU,3.3 GHz,20 rdzeni,Tak,Socket 1851,Brak danych,,1600.54
"Procesor AMD Ryzen 7 5700X, 3.4 GHz, 32 MB, OEM (100-100000926SPK)","1 600,66 zł",https://images.morele.net/i256/13189445_0_i256.jpg,AMD,Ryzen 7 5700X,3.4 GHz,100-100000926SPK,3.4 GHz,8 rdzeni,Tak,Socket AM4,26749,,1600.66
"Procesor Intel Core i7-11700T, 1.4 GHz, 16 MB, OEM (CM8070804491314)","1 625,99 zł",https://images.morele.net/i256/10476250_0_i256.jpg,Intel,Core i7-11700T,1.4 GHz,CM8070804491314,1.4 GHz,8 rdzeni,Nie,Socket 1200,16228,,1625.99
"Procesor Intel Core Ultra 7 265K, 3.3 GHz, 30 MB, BOX (BX80768265K S RQCW)","1 625,83 zł",https://images.morele.net/i256/14919798_1_i256.jpg,Intel,Core Ultra 7 265K,3.3 GHz,BX80768265K S RQCW,3.3 GHz,20 rdzeni,Tak,Socket 1851,Brak danych,,1625.83
"Procesor Intel Core i7-13700K, 3.4 GHz, 30 MB, OEM (CM8071504820705)","1 663,99 zł",https://images.morele.net/i256/13112509_0_i256.jpg,Intel,Core i7-13700K,3.4 GHz,CM8071504820705,3.4 GHz,16 rdzeni,Tak,Socket 1700,46699,,1663.99
"Procesor Intel Core i5-11400, 2.6 GHz, 12 MB, Bulk (CM8070804497015)","596,53 zł",https://images.morele.net/i256/10059324_0_i256.jpg,Intel,Core i5-11400,2.6 GHz,CM8070804497015,2.6 GHz,6 rdzeni,Nie,Socket 1200 (Rocket Lake),17103,,596.53
Core I3-12100T Processor 12,"613,92 zł",https://images.morele.net/i256/14828070_0_i256.jpg,,,,,,,,Socket 1700,,,613.92
"Procesor Intel Core i5-14400F, 2.5 GHz, 20 MB, OEM (CM8071505093011)","619,62 zł",https://images.morele.net/i256/13191020_1_i256.jpg,Intel,Core i5-14400F,2.5 GHz,CM8071505093011,2.5 GHz,10 rdzeni,Nie,Socket 1700,25548,,619.62
"Procesor Intel Core i5-14400F, 2.5 GHz, 20 MB, OEM (CM8071504821113)","636,11 zł",https://images.morele.net/i256/13172923_1_i256.jpg,Intel,Core i5-14400F,2.5 GHz,CM8071504821113,2.5 GHz,10 rdzeni,Nie,Socket 1700,25548,,636.11
"Procesor AMD Ryzen 5 4500, 3.6 GHz, 8 MB, OEM (100-000000644)","641,54 zł",https://images.morele.net/i256/10120239_2_i256.jpg,AMD,Ryzen 5 4500,3.6 GHz,100-000000644,3.6 GHz,6 rdzeni,Nie,Socket AM4,16183,,641.54
"Procesor Intel Core i3-12100T, 2.2 GHz, 12 MB, OEM (CM8071504651106)","655,84 zł",https://images.morele.net/i256/9658408_0_i256.jpg,Intel,Core i3-12100T,2.2 GHz,CM8071504651106,2.2 GHz,4 rdzenie,Nie,Socket 1700,12749,,655.84
"Procesor AMD Ryzen 3 5300G, 4 GHz, 8 MB, OEM (100-000000253)","663,19 zł",https://images.morele.net/i256/14176815_0_i256.jpg,AMD,Ryzen 3 5300G,4 GHz,100-000000253,4 GHz,4 rdzenie,Tak,Socket AM4,12902,,663.19
"Procesor Intel Core i3-13100T, 2.5 GHz, 12 MB, OEM (CM8071505092101)","667,83 zł",https://images.morele.net/i256/13112499_0_i256.jpg,Intel,Core i3-13100T,2.5 GHz,CM8071505092101,2.5 GHz,4 rdzenie,Nie,Socket 1700,13281,,667.83
"Procesor AMD Ryzen 5 5500GT, 3.6 GHz, 16 MB, OEM (100-000001489)","673,99 zł",https://images.morele.net/i256/13189444_0_i256.jpg,AMD,Ryzen 5 5500GT,3.6 GHz,100-000001489,3.6 GHz,6 rdzeni,Tak,Socket AM4,20241,,673.99
"Procesor Intel Core i3-12100E, 3.2 GHz, 12 MB, OEM (CM8071504654209)","674,47 zł",https://images.morele.net/i256/13112497_0_i256.jpg,Intel,Core i3-12100E,3.2 GHz,CM8071504654209,3.2 GHz,4 rdzenie,Nie,Socket 1700,1425,,674.47
"Procesor AMD Ryzen Threadripper Pro 3945WX, 4 GHz, 64 MB, OEM (100-000000168)","705,25 zł",https://images.morele.net/i256/13245590_0_i256.jpg,AMD,Ryzen Threadripper Pro 3945WX,4 GHz,100-000000168,4 GHz,12 rdzeni,Tak,Socket sWRX8,33506,,705.25
"Procesor Intel Core i3-8100T, 3.1 GHz, 6 MB, OEM (CM8068403377415)","724,47 zł",https://images.morele.net/i256/4055104_0_i256.jpg,Intel,Core i3-8100T,3.1 GHz,CM8068403377415,3.1 GHz,4 rdzenie,Nie,Socket 1151 (Coffee Lake),5345,,724.47
"Procesor Intel Core i5-13400F, 2.5 GHz, 20 MB, BOX + Endorfy Fera 5 Dual Fan",728 zł,https://images.morele.net/i256/9078610_0_i256.jpg,Intel,Core i5-13400F,2.5 GHz,,2.5 GHz,10 rdzeni,Nie,Socket 1700,2543,,
"Procesor Intel Core i5-14400, 2.5 GHz, 20 MB, OEM (CM8071505093012)","750,99 zł",https://images.morele.net/i256/13191038_1_i256.jpg,Intel,Core i5-14400,2.5 GHz,CM8071505093012,2.5 GHz,10 rdzeni,Nie,Socket 1700,27235,,750.99
"Procesor Intel Core i5-14400T, 1.5 GHz, 20 MB, OEM (CM8071505092805)","752,13 zł",https://images.morele.net/i256/13172929_0_i256.jpg,Intel,Core i5-14400T,1.5 GHz,CM8071505092805,1.5 GHz,10 rdzeni,Nie,Socket 1700,24598,,752.13
"AMD Ryzen 5 PRO 5655G procesor 3,9 GHz 16 MB L3","759,68 zł",https://images.morele.net/i256/14523957_0_i256.jpg,,,9 GHz,,,,,Socket AM4,,,759.68
"Procesor Intel Core i5-14400, 2.5 GHz, 20 MB, OEM (CM8071504821112)","777,09 zł",https://images.morele.net/i256/13172933_0_i256.jpg,Intel,Core i5-14400,2.5 GHz,CM8071504821112,2.5 GHz,10 rdzeni,Nie,Socket 1700,27235,,777.09
Intel Core i3-14100T procesor 12 MB Smart Cache,"781,38 zł",https://images.morele.net/i256/14828174_0_i256.jpg,,,,,2.7 GHz,,,Socket 1700,,,781.38
"Procesor AMD Ryzen 5 7600, 3.8 GHz, 32 MB, MPK (100-100001015MPK)","889,43 zł",https://images.morele.net/i256/13136072_1_i256.jpg,AMD,Ryzen 5 7600,3.8 GHz,100-100001015MPK,3.8 GHz,6 rdzeni,Tak,Socket AM5,27474,,889.43
"AMD Ryzen 7 PRO 5755G procesor 3,8 GHz 16 MB L3","918,63 zł",https://images.morele.net/i256/14729283_0_i256.jpg,,,8 GHz,,3.8 GHz,,,,,,918.63
"Procesor AMD Ryzen 5 Pro 7645, 3.8 GHz, 32 MB, OEM (100-100000600MPK)","949,26 zł",https://images.morele.net/i256/13113206_0_i256.jpg,AMD,Ryzen 5 Pro 7645,3.8 GHz,100-100000600MPK,3.8 GHz,6 rdzeni,Tak,Socket AM5,27734,,949.26
"Procesor AMD Ryzen 3 Pro 8300G, 3.4 GHz, 8 MB, OEM (100-100001187MPK)","956,21 zł",https://images.morele.net/i256/13903415_0_i256.jpg,AMD,Ryzen 3 Pro 8300G,3.4 GHz,100-100001187MPK,3.4 GHz,4 rdzenie,Tak,Socket AM5,13960,,956.21
"Procesor Intel Core i5-13600K, 3.5 GHz, 24 MB, OEM (CM8071504821005)","958,16 zł",https://images.morele.net/i256/13099603_0_i256.jpg,Intel,Core i5-13600K,3.5 GHz,CM8071504821005,3.5 GHz,14 rdzeni,Tak,Socket 1700,38278,,958.16
"Procesor Intel Core i5-12600KF, 3.7 GHz, 20 MB, BOX (BX8071512600KF) + Endorfy Fortis 5 (EY3A008)",978 zł,https://images.morele.net/i256/9078169_0_i256.jpg,Intel,Core i5-12600KF,3.7 GHz,BX8071512600KF,3.7 GHz,10 rdzeni,Tak,Socket 1700,27479,,
"Procesor AMD Ryzen 5 5600XT, 3.7 GHz, 32 MB, OEM (100-000001585)","994,98 zł",https://images.morele.net/i256/14181647_1_i256.jpg,AMD,Ryzen 5 5600XT,3.7 GHz,100-000001585,3.7 GHz,6 rdzeni,Tak,Socket AM4,Brak danych,,994.98
"Procesor Intel Core Ultra 5 225F, 3.3 GHz, 20 MB, BOX (BX80768225F)",999 zł,https://images.morele.net/i256/14481754_1_i256.jpg,Intel,Core Ultra 5 225F,3.3 GHz,BX80768225F,3.3 GHz,10 rdzeni,Nie,Socket 1851,Brak danych,,
"Procesor Intel Core i5-13500, 2.5 GHz, 24 MB, OEM (CM8071505093101)","1 071,50 zł",https://images.morele.net/i256/13127353_0_i256.jpg,Intel,Core i5-13500,2.5 GHz,CM8071505093101,2.5 GHz,14 rdzeni,Nie,Socket 1700,32318,,1071.5
"Procesor Intel Core i5-12500T, 2 GHz, 18 MB, OEM (CM8071504647706)","1 081,51 zł",https://images.morele.net/i256/9681932_0_i256.jpg,Intel,Core i5-12500T,2 GHz,CM8071504647706,2 GHz,6 rdzeni,Nie,Socket 1700,16707,,1081.51
"Procesor AMD Ryzen 5 9600, 3.8 GHz, 32 MB, MPK (100-100000718MPK)","1 092,90 zł",https://images.morele.net/i256/14935575_1_i256.jpg,AMD,Ryzen 5 9600,3.8 GHz,100-100000718MPK,3.8 GHz,6 rdzeni,Tak,Socket AM5,29481,,1092.9
"Procesor AMD Ryzen 5 8500G, 3.5 GHz, 16 MB, OEM (100-000000931)","1 107,70 zł",https://images.morele.net/i256/13189446_0_i256.jpg,AMD,Ryzen 5 8500G,3.5 GHz,100-000000931,3.5 GHz,6 rdzeni,Tak,Socket AM5,21807,,1107.7
"Procesor Intel Core i7-13700, 1.5 GHz, 30 MB, OEM (CM8071504820805)","1 513,28 zł",https://images.morele.net/i256/13112520_0_i256.jpg,Intel,Core i7-13700,1.5 GHz,CM8071504820805,1.5 GHz,16 rdzeni,Nie,Socket 1700,38316,,1513.28
"Procesor AMD Ryzen 7 Pro 4750G, 3.6 GHz, 8 MB, MPK (100-100000145MPK)","1 644,44 zł",https://images.morele.net/i256/9241021_0_i256.jpg,AMD,Ryzen 7 Pro 4750G,3.6 GHz,100-100000145MPK,3.6 GHz,8 rdzeni,Tak,Socket AM4,20482,,1644.44
"Procesor AMD Ryzen 5 7600X3D, 4.1 GHz, 96 MB, BOX (100-100001721WOF)","1 684,99 zł",https://images.morele.net/i256/14627687_1_i256.jpg,AMD,Ryzen 5 7600X3D,4.1 GHz,100-100001721WOF,4.1 GHz,6 rdzeni,Nie,Socket AM5,25724,,1684.99
"Procesor Intel Core Ultra 9 285, 2.5 GHz, 36 MB, BOX (BX80768285)","2 497,21 zł",https://images.morele.net/i256/14636495_1_i256.jpg,Intel,Core Ultra 9 285,2.5 GHz,BX80768285,2.5 GHz,24 rdzenie,Nie,Socket 1851,54654,,2497.21
"Procesor AMD Ryzen 9 9900X3D, 4.4 GHz, 128 MB, BOX (100-100001368WOF)",2 749 zł,https://images.morele.net/i256/14744282_0_i256.jpg,AMD,Ryzen 9 9900X3D,4.4 GHz,100-100001368WOF,4.4 GHz,12 rdzeni,Tak,Socket AM5,56159,,
"Procesor Intel Core i9-10920X, 3.5 GHz, 19.25 MB, OEM (CD8069504382000)","3 449,90 zł",https://images.morele.net/i256/6551006_1_i256.jpg,Intel,Core i9-10920X,3.5 GHz,CD8069504382000,3.5 GHz,12 rdzeni,Tak,Socket 2066,2629,,3449.9
"Procesor AMD Ryzen Threadripper Pro 5965WX, 3.8 GHz, 128 MB, BOX (100-100000446WOF)","5 519,39 zł",https://images.morele.net/i256/11092655_4_i256.jpg,AMD,Ryzen Threadripper Pro 5965WX,3.8 GHz,100-100000446WOF,3.8 GHz,24 rdzenie,Nie,Socket sWRX8,66026,,5519.39
"Procesor Intel Core i7-14700K, 3.4 GHz, 33 MB, OEM (CM8071504820721)","1 648,31 zł",https://images.morele.net/i256/13133372_1_i256.jpg,Intel,Core i7-14700K,3.4 GHz,CM8071504820721,3.4 GHz,20 rdzeni,Tak,Socket 1700,53237,,1648.31
"Procesor AMD Athlon 3000G, 3.5 GHz, 4 MB, OEM (YD3000C6M2OFB)","97,22 zł",https://images.morele.net/i256/14176812_0_i256.jpg,AMD,Athlon 3000G,3.5 GHz,YD3000C6M2OFB,3.5 GHz,2 rdzenie,Tak,Socket AM4,4485,,97.22
"Procesor AMD Ryzen 5 3500, 3.6 GHz, 16 MB, OEM (100-000000050)","164,05 zł",https://images.morele.net/i256/10484464_0_i256.jpg,AMD,Ryzen 5 3500,3.6 GHz,100-000000050,3.6 GHz,6 rdzeni,Tak,Socket AM4,12784,,164.05
"Procesor Intel Celeron G1820, 2.7 GHz, 2 MB, OEM (CM8064601483405 930400)","171,47 zł",https://images.morele.net/i256/4092216_1_i256.jpg,Intel,Celeron G1820,2.7 GHz,CM8064601483405 930400,2.7 GHz,2 rdzenie,Nie,Socket 1150,17,,171.47
"Procesor AMD Ryzen 3 3100, 3.6 GHz, 16 MB, OEM (100-000000284)",209 zł,https://images.morele.net/i256/13239405_0_i256.jpg,AMD,Ryzen 3 3100,3.6 GHz,100-000000284,3.6 GHz,4 rdzenie,Tak,Socket AM4,1163,,
"Procesor Intel Celeron G1850, 2.9 GHz, 2 MB, OEM (CM8064601483406)","211,96 zł",https://images.morele.net/i256/936943_2_i256.jpg,Intel,Celeron G1850,2.9 GHz,CM8064601483406,2.9 GHz,2 rdzenie,Nie,Socket 1150,1900,,211.96
"Procesor Intel Celeron G6900, 3.4 GHz, 4 MB, OEM (CM8071504651805)","296,92 zł",https://images.morele.net/i256/9893330_0_i256.jpg,Intel,Celeron G6900,3.4 GHz,CM8071504651805,3.4 GHz,2 rdzenie,Nie,Socket 1700,4578,,296.92
"Procesor Intel Pentium G6400, 4 GHz, 4 MB, OEM (CM8070104291810)","298,93 zł",https://images.morele.net/i256/6796856_2_i256.jpg,Intel,Pentium G6400,4 GHz,CM8070104291810,4 GHz,2 rdzenie,Nie,Socket 1200,4132,,298.93
"Procesor AMD Ryzen 3 3200G, 3.6 GHz, 4 MB, OEM (YD320GC5M4MFH)","312,14 zł",https://images.morele.net/i256/13189447_0_i256.jpg,AMD,Ryzen 3 3200G,3.6 GHz,YD320GC5M4MFH,3.6 GHz,4 rdzenie,Tak,Socket AM4,7153,,312.14
"Procesor Intel Celeron G5920, 3.5 GHz, 2 MB, BOX (BX80701G5920)",321 zł,https://images.morele.net/i256/6869168_0_i256.jpg,Intel,Celeron G5920,3.5 GHz,BX80701G5920,3.5 GHz,2 rdzenie,Nie,Socket 1200,2482,,
"Procesor Intel Pentium Gold  G5400, 3.7 GHz, 4 MB, MPK (CM8068403360112)","325,74 zł",https://images.morele.net/i256/14439239_0_i256.jpg,Intel,Pentium Gold  G5400,3.7 GHz,CM8068403360112,3.7 GHz,2 rdzenie,Nie,Socket 1151 (Coffee Lake),3721,,325.74
"Procesor Intel Core i3-6100TE, 2.7 GHz, 4 MB, OEM (CM8066201938603)","352,44 zł",https://images.morele.net/i256/14439240_0_i256.jpg,Intel,Core i3-6100TE,2.7 GHz,CM8066201938603,2.7 GHz,2 rdzenie,Nie,Socket 1151,3152,,352.44
"Procesor Intel Pentium G7400, 3.7 GHz, 6 MB, OEM (CM8071504651605)","353,51 zł",https://images.morele.net/i256/9993418_0_i256.jpg,Intel,Pentium G7400,3.7 GHz,CM8071504651605,3.7 GHz,2 rdzenie,Nie,Socket 1700,6757,,353.51
"Procesor AMD Ryzen 3 Pro 4350G, 3.8 GHz, 4 MB, OEM (100-000000148)","403,64 zł",https://images.morele.net/i256/13113435_0_i256.jpg,AMD,Ryzen 3 Pro 4350G,3.8 GHz,100-000000148,3.8 GHz,4 rdzenie,Nie,Socket AM4,10971,,403.64
"Procesor AMD Ryzen 5 5600T, 3.7 GHz, 32 MB, BOX (100-100001584BOX)","444,94 zł",https://images.morele.net/i256/14253720_0_i256.jpg,AMD,Ryzen 5 5600T,3.7 GHz,100-100001584BOX,3.7 GHz,6 rdzeni,Tak,Socket AM4,Brak danych,,444.94
"Procesor Intel 300, 3.9 GHz, 6 MB, BOX (BX80715300)","467,31 zł",https://images.morele.net/i256/13155887_0_i256.jpg,Intel,300,3.9 GHz,BX80715300,3.9 GHz,2 rdzenie,Nie,Socket 1700,7142,,467.31
"Procesor AMD Ryzen 5 5600, 3.5 GHz, 32 MB, MPK (100-100000927MPK)","475,09 zł",https://images.morele.net/i256/12805279_0_i256.jpg,AMD,Ryzen 5 5600,3.5 GHz,100-100000927MPK,3.5 GHz,6 rdzeni,Tak,Socket AM4,21596,,475.09
"Procesor AMD Ryzen 3 5300G, 4 GHz, 8 MB, BOX (100-100000253BOX)",489 zł,https://images.morele.net/i256/14466637_1_i256.jpg,AMD,Ryzen 3 5300G,4 GHz,100-100000253BOX,4 GHz,4 rdzenie,Tak,Socket AM4,12902,,
"Procesor Intel Core i3-13100, 3.4 GHz, 12 MB, OEM (CM8071505092202)","489,85 zł",https://images.morele.net/i256/13112518_1_i256.jpg,Intel,Core i3-13100,3.4 GHz,CM8071505092202,3.4 GHz,4 rdzenie,Nie,Socket 1700,14717,,489.85
"Procesor AMD Ryzen 5 5600XT, 3.7 GHz, 32 MB, BOX (100-100001585BOX)","494,93 zł",https://images.morele.net/i256/14181648_1_i256.jpg,AMD,Ryzen 5 5600XT,3.7 GHz,100-100001585BOX,3.7 GHz,6 rdzeni,Tak,Socket AM4,Brak danych,,494.93
"Procesor Intel Core i3-14100, 3.5 GHz, 12 MB, OEM (CM8071505092206)","519,91 zł",https://images.morele.net/i256/13172932_0_i256.jpg,Intel,Core i3-14100,3.5 GHz,CM8071505092206,3.5 GHz,4 rdzenie,Nie,Socket 1700,15089,,519.91
Procesor AMD Ryzen 5 5600G - TRAY,"520,06 zł",https://images.morele.net/i256/14441553_0_i256.jpg,AMD,,,,,,,,,,520.06
"Procesor AMD Ryzen 3 PRO 5355G, 4 GHz, 8 MB, OEM (100-100001749MPK)","520,72 zł",https://images.morele.net/i256/14499238_0_i256.jpg,AMD,Ryzen 3 PRO 5355G,4 GHz,100-100001749MPK,4 GHz,4 rdzenie,Nie,Socket AM4,12761,,520.72
"Procesor AMD Ryzen Threadripper Pro 5955WX, 4 GHz, 64 MB, BOX (100-100000447WOF)","5 904,98 zł",https://images.morele.net/i256/11808613_0_i256.jpg,AMD,Ryzen Threadripper Pro 5955WX,4 GHz,100-100000447WOF,4 GHz,16 rdzeni,Nie,Socket sWRX8,50199,,5904.98
"Procesor Intel Core i5-12500, 3 GHz, 18 MB, OEM (CM8071504647605)","877,58 zł",https://images.morele.net/i256/9658397_0_i256.jpg,Intel,Core i5-12500,3 GHz,CM8071504647605,3 GHz,6 rdzeni,Nie,Socket 1700,19985,Procesor,877.58
"Procesor Intel Core i3-10105, 3.7 GHz, 6 MB, OEM (CM8070104291321)","411,71 zł",https://images.morele.net/i256/8852294_0_i256.jpg,Intel,Core i3-10105,3.7 GHz,CM8070104291321,3.7 GHz,4 rdzenie,Nie,Socket 1200,8647,,411.71
"Procesor Intel Core i3-12100, 3.3 GHz, 12 MB, OEM (CM8071504651012)","487,67 zł",https://images.morele.net/i256/9993416_0_i256.jpg,Intel,Core i3-12100,3.3 GHz,CM8071504651012,3.3 GHz,4 rdzenie,Nie,Socket 1700,13497,,487.67
"Procesor AMD Ryzen 7 3700X, 3.6 GHz, 32 MB, OEM (100-000000071)","614,90 zł",https://images.morele.net/i256/8226637_0_i256.jpg,AMD,Ryzen 7 3700X,3.6 GHz,100-000000071,3.6 GHz,8 rdzeni,Tak,Socket AM4,22607,,614.9
"Procesor Intel Core i5-13400, 2.5 GHz, 20 MB, OEM (CM8071505093004)","651,08 zł",https://images.morele.net/i256/13112503_1_i256.jpg,Intel,Core i5-13400,2.5 GHz,CM8071505093004,2.5 GHz,10 rdzeni,Nie,Socket 1700,25257,,651.08
"Procesor Intel Core i5-13600KF, 3.5 GHz, 24 MB, OEM (CM8071504821006)","858,80 zł",https://images.morele.net/i256/13094168_0_i256.jpg,Intel,Core i5-13600KF,3.5 GHz,CM8071504821006,3.5 GHz,14 rdzeni,Tak,Socket 1700,38116,,858.8
"Procesor Intel Core i5-12400F, 2.5 GHz, 18 MB (BX8071512400F) + Endorfy Fera 5 Dual Fan (EY3A006)",628 zł,https://images.morele.net/i256/9077220_0_i256.jpg,Intel,Core i5-12400F,2.5 GHz,BX8071512400F,2.5 GHz,6 rdzeni,Nie,Socket 1700,19588,,
"Procesor Intel Core i5-10600K, 4.1 GHz, 12 MB, OEM (CM8070104282134)","1 145,31 zł",https://images.morele.net/i256/6747483_0_i256.jpg,Intel,Core i5-10600K,4.1 GHz,CM8070104282134,4.1 GHz,6 rdzeni,Tak,Socket 1200,14358,,1145.31
"Procesor Intel Core i9-10940X, 3.3 GHz, 19.25 MB, BOX (BX8069510940X)","4 000,38 zł",https://images.morele.net/i256/6686135_0_i256.jpg,Intel,Core i9-10940X,3.3 GHz,BX8069510940X,3.3 GHz,14 rdzeni,Tak,Socket 2066,2786,,4000.38
"Procesor Intel Core i3-13100F, 3.4 GHz, 12 MB, OEM (CM8071505092203)","324,99 zł",https://images.morele.net/i256/13112498_0_i256.jpg,Intel,Core i3-13100F,3.4 GHz,CM8071505092203,3.4 GHz,4 rdzenie,Nie,Socket 1700,14643,,324.99
"Procesor Intel Pentium G6405, 4.1 GHz, 4 MB, OEM (CM8070104291811)","399,43 zł",https://images.morele.net/i256/8551482_0_i256.jpg,Intel,Pentium G6405,4.1 GHz,CM8070104291811,4.1 GHz,2 rdzenie,Nie,Socket 1200,4254,,399.43
"Procesor Intel Pentium G7400, 3.7GHz, 6 MB, BOX (BX80715G7400)","408,82 zł",https://images.morele.net/i256/10011144_1_i256.jpg,Intel,Pentium G7400,3.7GHz,BX80715G7400,3.7 GHz,2 rdzenie,Nie,Socket 1700,6757,,408.82
"Procesor AMD Ryzen 5 4600G, 3.7 GHz, 8 MB, OEM (100-000000147)",429 zł,https://images.morele.net/i256/13254422_0_i256.jpg,AMD,Ryzen 5 4600G,3.7 GHz,100-000000147,3.7 GHz,6 rdzeni,Tak,Socket AM4,16001,,
"Procesor AMD Ryzen 3 4100, 3.8 GHz, 4 MB, OEM (100-000000510)","454,99 zł",https://images.morele.net/i256/10120236_2_i256.jpg,AMD,Ryzen 3 4100,3.8 GHz,100-000000510,3.8 GHz,4 rdzenie,Nie,Socket AM4,11097,,454.99
"Procesor Intel Core i5-12400F, 2.5 GHz, 18 MB (BX8071512400F) + Endorfy Fera 5 (EY3A005)",604 zł,https://images.morele.net/i256/9077219_0_i256.jpg,Intel,Core i5-12400F,2.5 GHz,BX8071512400F,2.5 GHz,6 rdzeni,Nie,Socket 1700,19588,,
"Procesor AMD Ryzen 7 5700, 3.7 GHz, 16 MB, BOX (100-100000743BOX)","611,99 zł",https://images.morele.net/i256/13172388_0_i256.jpg,AMD,Ryzen 7 5700,3.7 GHz,100-100000743BOX,3.7 GHz,8 rdzeni,Tak,Socket AM4,24328,,611.99
"Procesor Intel Core i5-12400F, 2.5 GHz, 18 MB (BX8071512400F) + Endorfy Fera 5 Black (EY3A011)",618 zł,https://images.morele.net/i256/9077567_0_i256.jpg,Intel,Core i5-12400F,2.5 GHz,BX8071512400F,2.5 GHz,6 rdzeni,Nie,Socket 1700,19588,,
"Procesor Intel Core i5-13400F, 2.5 GHz, 20 MB, BOX + Endorfy Fera 5","633,12 zł",https://images.morele.net/i256/9078605_0_i256.jpg,Intel,Core i5-13400F,2.5 GHz,,2.5 GHz,10 rdzeni,Nie,Socket 1700,2543,,633.12
"Procesor Intel Core i5-11600, 2.8 GHz, 12 MB, OEM (CM8070804491513)","651,17 zł",https://images.morele.net/i256/8349707_0_i256.jpg,Intel,Core i5-11600,2.8 GHz,CM8070804491513,2.8 GHz,6 rdzeni,Nie,Socket 1200 (Rocket Lake),18106,,651.17
"Procesor Intel Core i3-14100T, 2.7 GHz, 12 MB, OEM (CM8071505092103)","667,83 zł",https://images.morele.net/i256/13172927_0_i256.jpg,Intel,Core i3-14100T,2.7 GHz,CM8071505092103,2.7 GHz,4 rdzenie,Nie,Socket 1700,13727,,667.83
"Procesor AMD Ryzen 7 5800XT, 3.8 GHz, 32 MB, BOX (100-100001582BOX)","789,41 zł",https://images.morele.net/i256/13331770_0_i256.jpg,AMD,Ryzen 7 5800XT,3.8 GHz,100-100001582BOX,3.8 GHz,8 rdzeni,Tak,Socket AM4,29849,,789.41
"Procesor Intel Core i5-9500F, 3 GHz, 9 MB, OEM (CM8068403362610)","805,99 zł",https://images.morele.net/i256/6051312_2_i256.jpg,Intel,Core i5-9500F,3 GHz,CM8068403362610,3 GHz,6 rdzeni,Nie,Socket 1151 (Coffee Lake),10212,,805.99
"Procesor AMD Ryzen 7 1800X, 3.6GHz, 16 MB, BOX  (YD180XBCAEWOZ)","860,84 zł",https://images.morele.net/i256/9417705_1_i256.jpg,AMD,Ryzen 7 1800X,3.6GHz,YD180XBCAEWOZ,3.6 GHz,8 rdzeni,Tak,Socket AM4,16411,,860.84
"Procesor Intel Core i5-12600KF, 3.7 GHz, 20 MB, BOX (BX8071512600KF) + ""Endorfy Fortis 5 ARGB (EY3A010)","931,88 zł",https://images.morele.net/i256/9078239_0_i256.jpg,Intel,Core i5-12600KF,3.7 GHz,BX8071512600KF,3.7 GHz,10 rdzeni,Tak,Socket 1700,27479,,931.88
"Procesor Intel Core i7-12700F, 2.1 GHz, 25 MB, OEM (CM8071504555020)","1 028,29 zł",https://images.morele.net/i256/9893332_0_i256.jpg,Intel,Core i7-12700F,2.1 GHz,CM8071504555020,2.1 GHz,12 rdzeni,Nie,Socket 1700,30902,,1028.29
"Procesor Intel Core Ultra 5 235, 3.4 GHz, 24 MB, BOX (BX80768235)",1 198 zł,https://images.morele.net/i256/14481755_1_i256.jpg,Intel,Core Ultra 5 235,3.4 GHz,BX80768235,3.4 GHz,14 rdzeni,Nie,Socket 1851,Brak danych,,
"Procesor Intel Core Ultra 5 245K, 3.6 GHz, 24 MB, BOX (BX80768245K)",1 249 zł,https://images.morele.net/i256/14201782_5_i256.jpg,Intel,Core Ultra 5 245K,3.6 GHz,BX80768245K,3.6 GHz,14 rdzeni,Tak,Socket 1851,Brak danych,,
"Procesor Intel Core i5-13600T, 1.8 GHz, 24 MB, OEM (CM8071505092601)","1 277,18 zł",https://images.morele.net/i256/13112508_0_i256.jpg,Intel,Core i5-13600T,1.8 GHz,CM8071505092601,1.8 GHz,14 rdzeni,Nie,Socket 1700,26876,,1277.18
"Procesor Intel Core i5-13600, 2.7 GHz, 24 MB, OEM (CM8071505092702)","1 286,97 zł",https://images.morele.net/i256/13112519_0_i256.jpg,Intel,Core i5-13600,2.7 GHz,CM8071505092702,2.7 GHz,14 rdzeni,Nie,Socket 1700,32745,,1286.97
"Procesor AMD Ryzen 5 5500, 3.6 GHz, 16 MB, MPK (100-100000457MPK)","307,87 zł",https://images.morele.net/i256/10120241_2_i256.jpg,AMD,Ryzen 5 5500,3.6 GHz,100-100000457MPK,3.6 GHz,6 rdzeni,Tak,Socket AM4,19525,,307.87
"Procesor Intel Celeron G5925, 3.6 GHz, 4 MB, BOX (BX80701G5925)",269 zł,https://images.morele.net/i256/7732040_0_i256.jpg,Intel,Celeron G5925,3.6 GHz,BX80701G5925,3.6 GHz,2 rdzenie,Nie,Socket 1200,2809,,
"Procesor Intel Pentium G3450, 3.4 GHz, 3 MB, BOX (BX80646G3450)",415 zł,https://images.morele.net/i256/640855_1_i256.jpg,Intel,Pentium G3450,3.4 GHz,BX80646G3450,3.4 GHz,2 rdzenie,Nie,Socket 1150,2167,,
"Procesor Intel Core i5-12600K, 3.7 GHz, 20 MB, OEM (CM8071504555227)","891,25 zł",https://images.morele.net/i256/9496734_0_i256.jpg,Intel,Core i5-12600K,3.7 GHz,CM8071504555227,3.7 GHz,10 rdzeni,Tak,Socket 1700,27792,,891.25
"Procesor Intel Core Ultra 9 285K, 3.2 GHz, 36 MB, BOX (BX80768285K)",2 570 zł,https://images.morele.net/i256/14386800_1_i256.jpg,Intel,Core Ultra 9 285K,3.2 GHz,BX80768285K,3.2 GHz,24 rdzenie,Tak,Socket 1851,Brak danych,,
"Procesor AMD Ryzen 9 9950X, 4.3 GHz, 64 MB, BOX (100-100001277WOF)","2 584,80 zł",https://images.morele.net/i256/13331756_0_i256.jpg,AMD,Ryzen 9 9950X,4.3 GHz,100-100001277WOF,4.3 GHz,16 rdzeni,Tak,Socket AM5,66284,,2584.8
"Procesor Intel Core i5-13400, 2.5 GHz, 20 MB, BOX (BX8071513400)",688 zł,https://images.morele.net/i256/12486213_0_i256.jpg,Intel,Core i5-13400,2.5 GHz,BX8071513400,2.5 GHz,10 rdzeni,Nie,Socket 1700,25257,,
"Procesor AMD Ryzen 7 8700F, 4.1 GHz, 16 MB, OEM (100-000001590)","694,25 zł",https://images.morele.net/i256/13232613_0_i256.jpg,AMD,Ryzen 7 8700F,4.1 GHz,100-000001590,4.1 GHz,8 rdzeni,Tak,Socket AM5,30977,,694.25
"Procesor Intel Core i9-10900X, 3.7 GHz, 19.25 MB, BOX (BX8069510900X)","2 985,96 zł",https://images.morele.net/i256/6484472_0_i256.jpg,Intel,Core i9-10900X,3.7 GHz,BX8069510900X,3.7 GHz,10 rdzeni,Tak,Socket 2066,22473,,2985.96
"Procesor Intel Core i9-13900KS, 3.2 GHz, 36 MB, BOX (BX8071513900KS)","3 646,49 zł",https://images.morele.net/i256/12580400_1_i256.jpg,Intel,Core i9-13900KS,3.2 GHz,BX8071513900KS,3.2 GHz,24 rdzenie,Tak,Socket 1700,61917,,3646.49
"Procesor AMD Ryzen 5 4500, 3.6 GHz, 8 MB, MPK (100-100000644MPK)","670,61 zł",https://images.morele.net/i256/10120238_0_i256.jpg,AMD,Ryzen 5 4500,3.6 GHz,100-100000644MPK,3.6 GHz,6 rdzeni,Nie,Socket AM4,16183,,670.61
"Procesor Intel Core i5-11400T, 1.3 GHz, 12 MB, OEM (CM8070804497106)","1 768,10 zł",https://images.morele.net/i256/8852292_2_i256.jpg,Intel,Core i5-11400T,1.3 GHz,CM8070804497106,1.3 GHz,6 rdzeni,Nie,Socket 1200 (Rocket Lake),13644,,1768.1
"Procesor Intel Core i9-13900, 2 GHz, 36 MB, BOX (BX8071513900)",2 719 zł,https://images.morele.net/i256/12486211_0_i256.jpg,Intel,Core i9-13900,2 GHz,BX8071513900,2 GHz,24 rdzenie,Nie,Socket 1700,47851,,
"Procesor Intel Core i5-9400F, 2.9 GHz, 9 MB, OEM (CM8068403358819)","522,01 zł",https://images.morele.net/i256/5955268_0_i256.jpg,Intel,Core i5-9400F,2.9 GHz,CM8068403358819,2.9 GHz,6 rdzeni,Nie,Socket 1151 (Coffee Lake),9494,,522.01
"Procesor AMD Ryzen 7 8700F, 4.1 GHz, 16 MB, BOX (100-100001590BOX)","989,85 zł",https://images.morele.net/i256/13229821_1_i256.jpg,AMD,Ryzen 7 8700F,4.1 GHz,100-100001590BOX,4.1 GHz,8 rdzeni,Tak,Socket AM5,30977,,989.85
"Procesor AMD Ryzen 5 Pro 4650G, 3.7 GHz, 8 MB, MPK (100-100000143MPK)","1 307,50 zł",https://images.morele.net/i256/8041949_1_i256.jpg,AMD,Ryzen 5 Pro 4650G,3.7 GHz,100-100000143MPK,3.7 GHz,6 rdzeni,Nie,Socket AM4,16243,,1307.5
"Procesor Intel Core i9-10920X, 3.5 GHz, 19.25 MB, BOX (BX8069510920X)","3 612,74 zł",https://images.morele.net/i256/6593035_0_i256.jpg,Intel,Core i9-10920X,3.5 GHz,BX8069510920X,3.5 GHz,12 rdzeni,Tak,Socket 2066,2629,,3612.74
"Procesor AMD Ryzen 9 5950X, 3.4 GHz, 64 MB, OEM (100-000000059)","3 840,99 zł",https://images.morele.net/i256/7267021_0_i256.jpg,AMD,Ryzen 9 5950X,3.4 GHz,100-000000059,3.4 GHz,16 rdzeni,Tak,Socket AM4,45796,,3840.99
"Procesor Intel Core i9-12900K, 3.2 GHz, 30 MB, OEM (CM8071504549230)","1 845,20 zł",https://images.morele.net/i256/9496655_0_i256.jpg,Intel,Core i9-12900K,3.2 GHz,CM8071504549230,3.2 GHz,16 rdzeni,Tak,Socket 1700,41403,,1845.2
"Procesor Intel Core i3-10100, 3.6 GHz, 6 MB, OEM (CM8070104291317)","581,83 zł",https://images.morele.net/i256/6755131_1_i256.jpg,Intel,Core i3-10100,3.6 GHz,CM8070104291317,3.6 GHz,4 rdzenie,Nie,Socket 1200,8689,,581.83
"Procesor Intel Pentium G6600, 4.2 GHz, 4 MB, BOX (BX80701G6600)","587,71 zł",https://images.morele.net/i256/7267552_1_i256.jpg,Intel,Pentium G6600,4.2 GHz,BX80701G6600,4.2 GHz,2 rdzenie,Nie,Socket 1200,4226,,587.71
"Procesor Intel Core i5-11400, 2.6 GHz, 12 MB, OEM (CM8070804497015)","591,67 zł",https://images.morele.net/i256/9240421_0_i256.jpg,Intel,Core i5-11400,2.6 GHz,CM8070804497015,2.6 GHz,6 rdzeni,Nie,Socket 1200 (Rocket Lake),17103,,591.67
"Procesor Intel Core i7-12700, 2.1 GHz, 25 MB, OEM (CM8071504555019)","1 134,24 zł",https://images.morele.net/i256/9658382_0_i256.jpg,Intel,Core i7-12700,2.1 GHz,CM8071504555019,2.1 GHz,12 rdzeni,Nie,Socket 1700,30877,,1134.24
"Procesor Intel Core i9-12900KF, 3.2 GHz, 30 MB, OEM (CM8071504549231)","1 494,65 zł",https://images.morele.net/i256/9682843_0_i256.jpg,Intel,Core i9-12900KF,3.2 GHz,CM8071504549231,3.2 GHz,16 rdzeni,Tak,Socket 1700,41245,,1494.65
"Procesor AMD Ryzen 7 5700G, 3.8 GHz, 16 MB, MPK (100-100000263MPK)","1 746,69 zł",https://images.morele.net/i256/8536077_0_i256.jpg,AMD,Ryzen 7 5700G,3.8 GHz,100-100000263MPK,3.8 GHz,8 rdzeni,Tak,Socket AM4,24654,,1746.69
"Procesor Intel Core i9-12900, 2.4 GHz, 30 MB, BOX (BX8071512900 99ARGF)","2 020,31 zł",https://images.morele.net/i256/9979126_0_i256.jpg,Intel,Core i9-12900,2.4 GHz,BX8071512900 99ARGF,2.4 GHz,16 rdzeni,Nie,Socket 1700,34312,,2020.31
"Procesor Intel Core i5-10400, 2.9 GHz, 12 MB, OEM (CM8070104290715)","514,28 zł",https://images.morele.net/i256/6747480_0_i256.jpg,Intel,Core i5-10400,2.9 GHz,CM8070104290715,2.9 GHz,6 rdzeni,Nie,Socket 1200,12169,,514.28
"Procesor Intel Core i7-14700KF, 3.4 GHz, 33 MB, OEM (CM8071504820722)","1 438,36 zł",https://images.morele.net/i256/13133237_1_i256.jpg,Intel,Core i7-14700KF,3.4 GHz,CM8071504820722,3.4 GHz,20 rdzeni,Tak,Socket 1700,53464,,1438.36
"Procesor Intel Core i5-14600, 2.7 GHz, 24 MB, OEM (CM8071504821018)","1 457,44 zł",https://images.morele.net/i256/13172912_0_i256.jpg,Intel,Core i5-14600,2.7 GHz,CM8071504821018,2.7 GHz,14 rdzeni,Nie,Socket 1700,40540,,1457.44
"Procesor AMD Ryzen 5 Pro 5650G, 3.9 GHz, 16 MB, OEM (100-000000255)","1 480,62 zł",https://images.morele.net/i256/8536087_2_i256.jpg,AMD,Ryzen 5 Pro 5650G,3.9 GHz,100-000000255,3.9 GHz,6 rdzeni,Nie,Socket AM4,20827,,1480.62
"Procesor AMD Ryzen 5 5500, 3.6 GHz, 16 MB, OEM (100-000000457)","284,36 zł",https://images.morele.net/i256/10120242_1_i256.jpg,AMD,Ryzen 5 5500,3.6 GHz,100-000000457,3.6 GHz,6 rdzeni,Nie,Socket AM4,19525,,284.36
"Procesor Intel Pentium G6400, 4 GHz, 4 MB, BOX (BX80701G6400)",342 zł,https://images.morele.net/i256/6935922_0_i256.jpg,Intel,Pentium G6400,4 GHz,BX80701G6400,4 GHz,2 rdzenie,Nie,Socket 1200,4132,,
"Procesor AMD Athlon 3000G, 3.5GHz, 4 MB, BOX (YD3000C6FHBOX)","418,93 zł",https://images.morele.net/i256/5940752_0_i256.jpg,AMD,Athlon 3000G,3.5GHz,YD3000C6FHBOX,3.5 GHz,2 rdzenie,Tak,Socket AM4,4485,,418.93
"Procesor AMD Ryzen 9 7900, 3.7 GHz, 64 MB, BOX (100-100000590BOX)","1 375,87 zł",https://images.morele.net/i256/12491801_0_i256.jpg,AMD,Ryzen 9 7900,3.7 GHz,100-100000590BOX,3.7 GHz,12 rdzeni,Tak,Socket AM5,49043,,1375.87
"Procesor Intel 3.4 GHz, 8 MB, BOX (BX80646I74770)","1 446,68 zł",https://images.morele.net/i256/546531_1_i256.jpg,Intel,3.4 GHz,,BX80646I74770,3.4 GHz,4 rdzenie,Nie,Socket 1150,7061,,1446.68
"Procesor AMD Ryzen 7 7700, 3.8 GHz, 32 MB, BOX (100-100000592BOX)",1 089 zł,https://images.morele.net/i256/12491802_0_i256.jpg,AMD,Ryzen 7 7700,3.8 GHz,100-100000592BOX,3.8 GHz,8 rdzeni,Tak,Socket AM5,34798,,
"Procesor Intel Core i5-11400F, 2.6 GHz, 12 MB, OEM (CM8070804497016)","422,42 zł",https://images.morele.net/i256/9497192_1_i256.jpg,Intel,Core i5-11400F,2.6 GHz,CM8070804497016,2.6 GHz,6 rdzeni,Nie,Socket 1200 (Rocket Lake),17116,,422.42
"Procesor Intel Core i5-14500, 2.6 GHz, 24 MB, BOX (BX8071514500)",1 059 zł,https://images.morele.net/i256/13155880_0_i256.jpg,Intel,Core i5-14500,2.6 GHz,BX8071514500,2.6 GHz,14 rdzeni,Nie,Socket 1700,32232,,
"Procesor Intel Core i5-10400F, 2.9 GHz, 12 MB, OEM (CM8070104290716)","392,94 zł",https://images.morele.net/i256/6747481_0_i256.jpg,Intel,Core i5-10400F,2.9 GHz,CM8070104290716,2.9 GHz,6 rdzeni,Nie,Socket 1200,1223,,392.94
"Procesor Intel Core i7-12700F, 2.1 GHz, 25 MB, BOX (BX8071512700F)",999 zł,https://images.morele.net/i256/9704858_1_i256.jpg,Intel,Core i7-12700F,2.1 GHz,BX8071512700F,2.1 GHz,12 rdzeni,Nie,Socket 1700,30902,,
"Procesor Intel Core i5-12600KF, 3.7 GHz, 20 MB, OEM (CM8071504555228)","698,82 zł",https://images.morele.net/i256/9682844_0_i256.jpg,Intel,Core i5-12600KF,3.7 GHz,CM8071504555228,3.7 GHz,10 rdzeni,Tak,Socket 1700,27479,,698.82
"Procesor AMD Ryzen 9 5900X, 3.7 GHz, 64 MB, OEM (100-000000061)","2 975,91 zł",https://images.morele.net/i256/7267023_0_i256.jpg,AMD,Ryzen 9 5900X,3.7 GHz,100-000000061,3.7 GHz,12 rdzeni,Tak,Socket AM4,39224,,2975.91
"Procesor AMD Ryzen 5 5600G, 3.9 GHz, 16 MB, OEM (100-000000252)","518,74 zł",https://images.morele.net/i256/8536081_2_i256.jpg,AMD,Ryzen 5 5600G,3.9 GHz,100-000000252,3.9 GHz,6 rdzeni,Tak,Socket AM4,19903,,518.74
"Procesor Intel Core i5-10500, 3.1 GHz, 12 MB, BOX (BX8070110500)","1 629,70 zł",https://images.morele.net/i256/6731006_2_i256.jpeg,Intel,Core i5-10500,3.1 GHz,BX8070110500,3.1 GHz,6 rdzeni,Nie,Socket 1200,12784,,1629.7
"Procesor AMD Athlon 3000G, 3.5 GHz, 4 MB, OEM (YD3000C6M2OFH)",249 zł,https://images.morele.net/i256/9009748_0_i256.jpg,AMD,Athlon 3000G,3.5 GHz,YD3000C6M2OFH,3.5 GHz,2 rdzenie,Tak,Socket AM4,4485,,
"Procesor AMD Ryzen 7 9700X, 3.8 GHz, 32 MB, BOX (100-100001404WOF)",1 361 zł,https://images.morele.net/i256/13331758_0_i256.jpg,AMD,Ryzen 7 9700X,3.8 GHz,100-100001404WOF,3.8 GHz,8 rdzeni,Tak,Socket AM5,37399,,
"Procesor AMD Ryzen 7 5800X, 3.8 GHz, 32 MB, OEM (100-000000063)","2 068,98 zł",https://images.morele.net/i256/7267025_0_i256.jpg,AMD,Ryzen 7 5800X,3.8 GHz,100-000000063,3.8 GHz,8 rdzeni,Tak,Socket AM4,27857,,2068.98
"Procesor AMD Ryzen 5 Pro 5650G, 3.9 GHz, 16 MB, OEM (100-100000255MPK)","1 480,62 zł",https://images.morele.net/i256/8536086_2_i256.jpg,AMD,Ryzen 5 Pro 5650G,3.9 GHz,100-100000255MPK,3.9 GHz,6 rdzeni,Nie,Socket AM4,20827,,1480.62
"Procesor AMD Ryzen 9 9950X3D, 4.3 GHz, 128 MB, BOX (100-100000719WOF)",3 499 zł,https://images.morele.net/i256/14743984_1_i256.jpg,AMD,Ryzen 9 9950X3D,4.3 GHz,100-100000719WOF,4.3 GHz,16 rdzeni,Tak,Socket AM5,69701,,
"Procesor Intel Pentium G6405, 4.1 GHz, 4 MB, BOX (BX80701G6405)","437,99 zł",https://images.morele.net/i256/7732039_0_i256.jpg,Intel,Pentium G6405,4.1 GHz,BX80701G6405,4.1 GHz,2 rdzenie,Nie,Socket 1200,4254,,437.99
"Procesor Intel Core i7-12700K, 3.6 GHz, 25 MB, OEM (CM8071504553828)","1 079,64 zł",https://images.morele.net/i256/9496678_0_i256.jpg,Intel,Core i7-12700K,3.6 GHz,CM8071504553828,3.6 GHz,12 rdzeni,Tak,Socket 1700,34713,,1079.64
"Procesor Intel Core i5-12600, 3.3 GHz, 18 MB, BOX (BX8071512600)","1 198,50 zł",https://images.morele.net/i256/9643265_0_i256.jpg,Intel,Core i5-12600,3.3 GHz,BX8071512600,3.3 GHz,6 rdzeni,Nie,Socket 1700,21392,,1198.5
"Procesor AMD Ryzen 3 3200G, 3.6 GHz, 4 MB, OEM (YD3200C5M4MFH)","281,99 zł",https://images.morele.net/i256/7813354_0_i256.jpg,AMD,Ryzen 3 3200G,3.6 GHz,YD3200C5M4MFH,3.6 GHz,4 rdzenie,Tak,Socket AM4,7153,,281.99
"Procesor Intel Core i3-12100F, 3.3 GHz, 12 MB, OEM (CM8071504651013)","299,98 zł",https://images.morele.net/i256/9658409_0_i256.jpg,Intel,Core i3-12100F,3.3 GHz,CM8071504651013,3.3 GHz,4 rdzenie,Nie,Socket 1700,14207,,299.98
"Procesor Intel Core i3-14100F, 3.5 GHz, 12 MB, BOX (BX8071514100F)","361,10 zł",https://images.morele.net/i256/13155886_0_i256.jpg,Intel,Core i3-14100F,3.5 GHz,BX8071514100F,3.5 GHz,4 rdzenie,Nie,Socket 1700,15052,,361.1
"Procesor Intel Core i5-7500, 3.4 GHz, 6 MB, OEM (CM8067702868012)",1 149 zł,https://images.morele.net/i256/1113145_5_i256.jpg,Intel,Core i5-7500,3.4 GHz,CM8067702868012,3.4 GHz,4 rdzenie,Nie,Socket 1151,6027,,
"Procesor Intel Core i7-6700, 3.4 GHz, 8 MB, OEM (CM8066201920103)","1 693,77 zł",https://images.morele.net/i256/778354_0_i256.jpg,Intel,Core i7-6700,3.4 GHz,CM8066201920103,3.4 GHz,4 rdzenie,Nie,Socket 1151,8089,,1693.77
"Procesor AMD Ryzen 5 3500X, 3.6 GHz, 32 MB, OEM (100-000000158)",199 zł,https://images.morele.net/i256/8513070_0_i256.jpg,AMD,Ryzen 5 3500X,3.6 GHz,100-000000158,3.6 GHz,6 rdzeni,Tak,Socket AM4,13201,,
"Procesor Intel Core i3-10100F, 3.6 GHz, 6 MB, OEM (CM8070104291318)","237,94 zł",https://images.morele.net/i256/5945832_2_i256.jpg,Intel,Core i3-10100F,3.6 GHz,CM8070104291318,3.6 GHz,4 rdzenie,Nie,Socket 1200,8778,,237.94
"Procesor AMD Ryzen 7 8700G, 4.2 GHz, 16 MB, BOX (100-100001236BOX)","1 153,46 zł",https://images.morele.net/i256/13170054_0_i256.jpg,AMD,Ryzen 7 8700G,4.2 GHz,100-100001236BOX,4.2 GHz,8 rdzeni,Tak,Socket AM5,32143,,1153.46
"Procesor Intel Core i5-14600K, 3.5 GHz, 24 MB, OEM (CM8071504821015)","1 130,99 zł",https://images.morele.net/i256/13133234_1_i256.jpg,Intel,Core i5-14600K,3.5 GHz,CM8071504821015,3.5 GHz,14 rdzeni,Tak,Socket 1700,38951,,1130.99
"Procesor Intel Core i5-12600KF, 3.7 GHz, 20 MB, BOX (BX8071512600KF) + Endorfy Fortis 5 Dual Fan (EY3A009)","1 022,19 zł",https://images.morele.net/i256/9078235_0_i256.jpg,Intel,Core i5-12600KF,3.7 GHz,BX8071512600KF,3.7 GHz,10 rdzeni,Tak,Socket 1700,27479,,1022.19
"Procesor Intel Core Ultra 7 265KF, 3.3 GHz, 30 MB, BOX (BX80768265KF)","1 659,50 zł",https://images.morele.net/i256/14201779_0_i256.jpg,Intel,Core Ultra 7 265KF,3.3 GHz,BX80768265KF,3.3 GHz,20 rdzeni,Tak,Socket 1851,Brak danych,,1659.5
"Procesor Intel Core i5-13400F, 2.5 GHz, 20 MB, OEM (CM8071504821107)","564,39 zł",https://images.morele.net/i256/13112500_0_i256.jpg,Intel,Core i5-13400F,2.5 GHz,CM8071504821107,2.5 GHz,10 rdzeni,Nie,Socket 1700,2543,,564.39
"Procesor Intel Core Ultra 5 245K, 3.6 GHz, 24 MB, OEM (AT807680640F)","1 358,99 zł",https://images.morele.net/i256/14201777_0_i256.jpg,Intel,Core Ultra 5 245K,3.6 GHz,AT807680640F,3.6 GHz,14 rdzeni,Tak,Socket 1851,Brak danych,,1358.99
"Procesor Intel Core i7-14700, 2.1 GHz, 33 MB, OEM (CM8071504820817)","1 531,65 zł",https://images.morele.net/i256/13172915_1_i256.jpg,Intel,Core i7-14700,2.1 GHz,CM8071504820817,2.1 GHz,20 rdzeni,Nie,Socket 1700,49008,,1531.65
"Procesor Intel Core i9-13900K, 3 GHz, 36 MB, OEM (CM8071505094011)","2 233,98 zł",https://images.morele.net/i256/13112482_1_i256.jpg,Intel,Core i9-13900K,3 GHz,CM8071505094011,3 GHz,24 rdzenie,Tak,Socket 1700,5953,,2233.98
"Procesor Intel Core i9-14900F, 2 GHz, 36 MB, BOX (BX8071514900F)","2 475,26 zł",https://images.morele.net/i256/13155883_0_i256.jpg,Intel,Core i9-14900F,2 GHz,BX8071514900F,2 GHz,24 rdzenie,Nie,Socket 1700,62010,,2475.26
"Procesor AMD Ryzen 5 3600, 3.6 GHz, 32 MB, BOX (100-100000031BOX)",269 zł,https://images.morele.net/i256/5938599_0_i256.jpg,AMD,Ryzen 5 3600,3.6 GHz,100-100000031BOX,3.6 GHz,6 rdzeni,Tak,Socket AM4,17779,,
"Procesor AMD Ryzen 7 3700X, 3.6 GHz, 32 MB, BOX (100-100000071BOX)",,https://images.morele.net/i256/5938597_0_i256.jpg,AMD,Ryzen 7 3700X,3.6 GHz,100-100000071BOX,3.6 GHz,8 rdzeni,Tak,Socket AM4,22607,,
"Procesor Intel Pentium G4560, 3.5 GHz, 3 MB, BOX (BX80677G4560)",717 zł,https://images.morele.net/i256/1115886_0_i256.jpg,Intel,Pentium G4560,3.5 GHz,BX80677G4560,3.5 GHz,2 rdzenie,Nie,Socket 1151,3522,,
"Procesor Intel Core i5-4590, 3.3 GHz, 6 MB, BOX (BX80646I54590)","1 019,01 zł",https://images.morele.net/i256/640864_0_i256.jpg,Intel,Core i5-4590,3.3 GHz,BX80646I54590,3.3 GHz,4 rdzenie,Nie,Socket 1150,5377,,1019.01
"Procesor AMD Ryzen 5 3600, 3.6 GHz, 32 MB, OEM (100-000000031)","276,13 zł",https://images.morele.net/i256/5945158_0_i256.jpg,AMD,Ryzen 5 3600,3.6 GHz,100-000000031,3.6 GHz,6 rdzeni,Tak,Socket AM4,17779,,276.13
"Procesor AMD Ryzen 3 3100, 3.6 GHz, 16 MB, BOX (100-100000284BOX)","204,16 zł",https://images.morele.net/i256/6732966_0_i256.jpg,AMD,Ryzen 3 3100,3.6 GHz,100-100000284BOX,3.6 GHz,4 rdzenie,Tak,Socket AM4,1163,,204.16
"Procesor AMD Ryzen 5 2600X, 3.6 GHz, 16 MB, BOX (YD260XBCAFBOX)",925 zł,https://images.morele.net/i256/980256_0_i256.jpg,AMD,Ryzen 5 2600X,3.6 GHz,YD260XBCAFBOX,3.6 GHz,6 rdzeni,Tak,Socket AM4,13949,,
"Procesor Intel Core i3-9100F, 3.6 GHz, 6 MB, BOX (BX80684I39100F)",706 zł,https://images.morele.net/i256/5954267_0_i256.jpg,Intel,Core i3-9100F,3.6 GHz,BX80684I39100F,3.6 GHz,4 rdzenie,Nie,Socket 1151 (Coffee Lake),675,,
"Procesor AMD Ryzen 7 7700, 3.8 GHz, 32 MB, OEM (100-000000592)","841,76 zł",https://images.morele.net/i256/12984669_1_i256.jpg,AMD,Ryzen 7 7700,3.8 GHz,100-000000592,3.8 GHz,8 rdzeni,Tak,Socket AM5,34798,,841.76
"Procesor AMD Ryzen 3 2200G, 3.5 GHz, 4 MB, BOX (YD2200C5FBBOX)","364,99 zł",https://images.morele.net/i256/979761_2_i256.jpg,AMD,Ryzen 3 2200G,3.5 GHz,YD2200C5FBBOX,3.5 GHz,4 rdzenie,Tak,Socket AM4,6767,,364.99
"Procesor Intel Core i5-10600K, 4.1 GHz, 12 MB, BOX (BX8070110600K)","1 245,99 zł",https://images.morele.net/i256/6731004_1_i256.jpg,Intel,Core i5-10600K,4.1 GHz,BX8070110600K,4.1 GHz,6 rdzeni,Tak,Socket 1200,14358,,1245.99
"Procesor Intel Core i5-12600KF, 3.7 GHz, 20 MB, BOX (BX8071512600KF)",779 zł,https://images.morele.net/i256/9502212_1_i256.jpg,Intel,Core i5-12600KF,3.7 GHz,BX8071512600KF,3.7 GHz,10 rdzeni,Tak,Socket 1700,27479,,
"Procesor Intel Core i5-10600KF, 4.1 GHz, 12 MB, BOX (BX8070110600KF)","514,60 zł",https://images.morele.net/i256/6731003_1_i256.jpg,Intel,Core i5-10600KF,4.1 GHz,BX8070110600KF,4.1 GHz,6 rdzeni,Tak,Socket 1200,14358,,514.6
"Procesor AMD Ryzen 5 3600, 3.6 GHz, 32 MB, MPK (100-100000031MPK)","551,99 zł",https://images.morele.net/i256/5947306_0_i256.jpg,AMD,Ryzen 5 3600,3.6 GHz,100-100000031MPK,3.6 GHz,6 rdzeni,Tak,Socket AM4,17779,,551.99
"Procesor AMD Ryzen 9 5950X, 3.4 GHz, 64 MB, BOX (100-100000059WOF)","1 378,69 zł",https://images.morele.net/i256/7267020_0_i256.jpg,AMD,Ryzen 9 5950X,3.4 GHz,100-100000059WOF,3.4 GHz,16 rdzeni,Tak,Socket AM4,45796,,1378.69
"Procesor Intel Core i7-13700K, 3.4 GHz, 30 MB, BOX (BX8071513700K)","1 722,25 zł",https://images.morele.net/i256/11789666_0_i256.jpg,Intel,Core i7-13700K,3.4 GHz,BX8071513700K,3.4 GHz,16 rdzeni,Tak,Socket 1700,46699,,1722.25
"Procesor AMD Ryzen 5 5600X, 3.7 GHz, 32 MB, MPK (100-100000065MPK)","1 490,49 zł",https://images.morele.net/i256/5947227_0_i256.jpg,AMD,Ryzen 5 5600X,3.7 GHz,100-100000065MPK,3.7 GHz,6 rdzeni,Tak,Socket AM4,21926,,1490.49
"Procesor AMD Ryzen 9 7900X, 4.7 GHz, 64 MB, BOX (100-100000589WOF)","1 484,99 zł",https://images.morele.net/i256/11788489_5_i256.jpg,AMD,Ryzen 9 7900X,4.7 GHz,100-100000589WOF,4.7 GHz,12 rdzeni,Tak,Socket AM5,52113,,1484.99
"Procesor AMD Ryzen 5 7600, 3.8 GHz, 32 MB, OEM (100-000001015)","844,04 zł",https://images.morele.net/i256/13120350_1_i256.jpg,AMD,Ryzen 5 7600,3.8 GHz,100-000001015,3.8 GHz,6 rdzeni,Tak,Socket AM5,27474,,844.04
"Procesor AMD Ryzen 7 9800X3D, 4.7 GHz, 96 MB, BOX (100-100001084WOF)",2 349 zł,https://images.morele.net/i256/14209713_2_i256.jpg,AMD,Ryzen 7 9800X3D,4.7 GHz,100-100001084WOF,4.7 GHz,8 rdzeni,Tak,Socket AM5,40195,,
"Procesor AMD Ryzen 7 7800X3D, 4.2 GHz, 96 MB, OEM (100-000000910)",1 699 zł,https://images.morele.net/i256/12807924_0_i256.jpg,AMD,Ryzen 7 7800X3D,4.2 GHz,100-000000910,4.2 GHz,8 rdzeni,Tak,Socket AM5,34243,,
"Procesor AMD Ryzen 3 1200 AF, 3.1 GHz, 8 MB, OEM (YD1200BBM4KAF)",299 zł,https://images.morele.net/i256/5942968_3_i256.jpg,AMD,Ryzen 3 1200 AF,3.1 GHz,YD1200BBM4KAF,3.1 GHz,4 rdzenie,Tak,Socket AM4,Brak danych,,
"Procesor Intel Core i5-12500, 3 GHz, 18 MB, BOX (BX8071512500)",819 zł,https://images.morele.net/i256/9643267_1_i256.jpg,Intel,Core i5-12500,3 GHz,BX8071512500,3 GHz,6 rdzeni,Nie,Socket 1700,19985,,
"Procesor Intel Core i7-13700F, 1.5 GHz, 30 MB, BOX (BX8071513700F)",1 299 zł,https://images.morele.net/i256/12462060_0_i256.jpg,Intel,Core i7-13700F,1.5 GHz,BX8071513700F,1.5 GHz,16 rdzeni,Nie,Socket 1700,39541,,
"Procesor AMD Ryzen 5 7600X, 4.7 GHz, 32 MB, OEM (100-000000593)",819 zł,https://images.morele.net/i256/13115159_0_i256.jpg,AMD,Ryzen 5 7600X,4.7 GHz,100-000000593,4.7 GHz,6 rdzeni,Tak,Socket AM5,28703,,
"Procesor AMD Ryzen 9 9900X, 4.4 GHz, 64 MB, BOX (100-100000662WOF)",1 899 zł,https://images.morele.net/i256/13331757_0_i256.jpg,AMD,Ryzen 9 9900X,4.4 GHz,100-100000662WOF,4.4 GHz,12 rdzeni,Tak,Socket AM5,54860,,
"Procesor AMD Ryzen 3 4100, 3.8 GHz, 4 MB, BOX (100-100000510BOX)","200,56 zł",https://images.morele.net/i256/10120234_0_i256.jpg,AMD,Ryzen 3 4100,3.8 GHz,100-100000510BOX,3.8 GHz,4 rdzenie,Nie,Socket AM4,11097,,200.56
"Procesor Intel Core i5-14600KF, 3.5 GHz, 24 MB, OEM (CM8071504821014)","862,51 zł",https://images.morele.net/i256/13133235_0_i256.jpg,Intel,Core i5-14600KF,3.5 GHz,CM8071504821014,3.5 GHz,14 rdzeni,Tak,Socket 1700,38894,,862.51
"Procesor Intel Core i7-12700, 2.1 GHz, 25 MB, BOX (BX8071512700)",1 180 zł,https://images.morele.net/i256/9643934_3_i256.jpg,Intel,Core i7-12700,2.1 GHz,BX8071512700,2.1 GHz,12 rdzeni,Nie,Socket 1700,30877,,
"Procesor Intel Core i7-14700F, 2.1 GHz, 33 MB, BOX (BX8071514700F)","1 357,99 zł",https://images.morele.net/i256/13155884_0_i256.jpg,Intel,Core i7-14700F,2.1 GHz,BX8071514700F,2.1 GHz,20 rdzeni,Nie,Socket 1700,47379,,1357.99
"Procesor AMD Ryzen 5 8600G, 4.3 GHz, 16 MB, BOX (100-100001237BOX)","760,03 zł",https://images.morele.net/i256/13170049_0_i256.jpg,AMD,Ryzen 5 8600G,4.3 GHz,100-100001237BOX,4.3 GHz,6 rdzeni,Tak,Socket AM5,25928,,760.03
"Procesor AMD Ryzen 5 7500F, 3.7 GHz, 32 MB, MPK (100-100000597MPK)","753,99 zł",https://images.morele.net/i256/13113439_1_i256.jpg,AMD,Ryzen 5 7500F,3.7 GHz,100-100000597MPK,3.7 GHz,6 rdzeni,Tak,Socket AM5,26993,,753.99
"Procesor AMD Ryzen 5 5500GT, 3.6 GHz, 16 MB, BOX (100-100001489BOX)","542,32 zł",https://images.morele.net/i256/13170041_0_i256.jpg,AMD,Ryzen 5 5500GT,3.6 GHz,100-100001489BOX,3.6 GHz,6 rdzeni,Tak,Socket AM4,20241,,542.32
"Procesor Intel Core i7-13700, 1.5 GHz, 30 MB, BOX (BX8071513700)","1 366,79 zł",https://images.morele.net/i256/12462059_0_i256.jpg,Intel,Core i7-13700,1.5 GHz,BX8071513700,1.5 GHz,16 rdzeni,Nie,Socket 1700,38316,,1366.79
"Procesor Intel Core i7-14700, 2.1 GHz, 33 MB, BOX (BX8071514700)","1 421,95 zł",https://images.morele.net/i256/13155878_0_i256.jpg,Intel,Core i7-14700,2.1 GHz,BX8071514700,2.1 GHz,20 rdzeni,Nie,Socket 1700,49008,,1421.95
"Procesor Intel Core Ultra 7 265K, 3.3 GHz, 30 MB, BOX (BX80768265K)","1 449,52 zł",https://images.morele.net/i256/14201780_0_i256.jpg,Intel,Core Ultra 7 265K,3.3 GHz,BX80768265K,3.3 GHz,20 rdzeni,Tak,Socket 1851,Brak danych,,1449.52
"Procesor Intel Core i3-13100, 3.4 GHz, 12 MB, BOX (BX8071513100)",529 zł,https://images.morele.net/i256/12462056_1_i256.jpg,Intel,Core i3-13100,3.4 GHz,BX8071513100,3.4 GHz,4 rdzenie,Nie,Socket 1700,14717,,
"Procesor Intel Core i5-13400F, 2.5 GHz, 20 MB, OEM (CM8071505093005)","584,73 zł",https://images.morele.net/i256/13112504_0_i256.jpg,Intel,Core i5-13400F,2.5 GHz,CM8071505093005,2.5 GHz,10 rdzeni,Nie,Socket 1700,2543,Procesor,584.73
"Procesor AMD Ryzen 3 4300G, 3.8 GHz, 4 MB, BOX (100-100000144BOX)","341,80 zł",https://images.morele.net/i256/12002717_1_i256.jpg,AMD,Ryzen 3 4300G,3.8 GHz,100-100000144BOX,3.8 GHz,4 rdzenie,Tak,Socket AM4,10946,,341.8
"Procesor Intel Core i9-14900KS, 3.2 GHz, 36 MB, BOX (BX8071514900KS )",2 999 zł,https://images.morele.net/i256/13183308_4_i256.jpg,Intel,Core i9-14900KS,3.2 GHz,BX8071514900KS ,3.2 GHz,24 rdzenie,Tak,Socket 1700,62465,,
"Procesor AMD Ryzen 5 5600GT, 3.6 GHz, 16 MB, BOX (100-100001488BOX)","533,08 zł",https://images.morele.net/i256/13170044_0_i256.jpg,AMD,Ryzen 5 5600GT,3.6 GHz,100-100001488BOX,3.6 GHz,6 rdzeni,Tak,Socket AM4,20717,,533.08
"Procesor Intel Core i5-14400, 2.5 GHz, 20 MB, BOX (BX8071514400)",719 zł,https://images.morele.net/i256/13155881_0_i256.jpg,Intel,Core i5-14400,2.5 GHz,BX8071514400,2.5 GHz,10 rdzeni,Nie,Socket 1700,27235,,
"Procesor AMD Ryzen 7 7700X, 4.5 GHz, 32 MB, OEM (100-000000591)","1 253,99 zł",https://images.morele.net/i256/12984668_0_i256.jpg,AMD,Ryzen 7 7700X,4.5 GHz,100-000000591,4.5 GHz,8 rdzeni,Tak,Socket AM5,36159,,1253.99
"Procesor AMD Ryzen 5 8400F, 4.2 GHz, 16 MB, BOX (100-100001591BOX)","568,84 zł",https://images.morele.net/i256/13232700_0_i256.jpg,AMD,Ryzen 5 8400F,4.2 GHz,100-100001591BOX,4.2 GHz,6 rdzeni,Tak,Socket AM5,23635,,568.84
"Procesor Intel Core i7-12700KF, 3.6 GHz, 25 MB, OEM (CM8071504553829)","995,78 zł",https://images.morele.net/i256/9496681_0_i256.jpg,Intel,Core i7-12700KF,3.6 GHz,CM8071504553829,3.6 GHz,12 rdzeni,Tak,Socket 1700,34461,,995.78
"Procesor Intel Celeron G6900, 3.4 GHz, 4 MB, BOX (BX80715G6900)","352,90 zł",https://images.morele.net/i256/9643519_0_i256.jpg,Intel,Celeron G6900,3.4 GHz,BX80715G6900,3.4 GHz,2 rdzenie,Nie,Socket 1700,4578,,352.9
"Procesor Intel Core Ultra 7 265K, 3.3 GHz, 30 MB, OEM (AT8076806412)","1 354,99 zł",https://images.morele.net/i256/14201773_0_i256.jpg,Intel,Core Ultra 7 265K,3.3 GHz,AT8076806412,3.3 GHz,20 rdzeni,Tak,Socket 1851,Brak danych,,1354.99
"Procesor AMD Ryzen 7 5700G, 3.8 GHz, 16 MB, OEM (100-000000263)","613,31 zł",https://images.morele.net/i256/8536078_2_i256.jpg,AMD,Ryzen 7 5700G,3.8 GHz,100-000000263,3.8 GHz,8 rdzeni,Tak,Socket AM4,24654,,613.31
"Procesor AMD Ryzen 9 7900, 3.7 GHz, 64 MB, OEM (100-000000590)","2 382,17 zł",https://images.morele.net/i256/13113444_1_i256.jpg,AMD,Ryzen 9 7900,3.7 GHz,100-000000590,3.7 GHz,12 rdzeni,Tak,Socket AM5,49043,,2382.17
"Procesor Intel Core i9-14900K, 3.2 GHz, 36 MB, OEM (CM8071505094017)","2 083,28 zł",https://images.morele.net/i256/13133238_1_i256.jpg,Intel,Core i9-14900K,3.2 GHz,CM8071505094017,3.2 GHz,24 rdzenie,Tak,Socket 1700,61357,,2083.28
"Procesor Intel Core i3-14100F, 3.5 GHz, 12 MB, OEM (CM8071505092207)","383,94 zł",https://images.morele.net/i256/13172902_0_i256.jpg,Intel,Core i3-14100F,3.5 GHz,CM8071505092207,3.5 GHz,4 rdzenie,Nie,Socket 1700,15052,,383.94
"Procesor Intel Core i5-13400F, 2.5 GHz, 20 MB, BOX + Endorfy Fera 5 ARGB",738 zł,https://images.morele.net/i256/9831228_0_i256.jpg,Intel,Core i5-13400F,2.5 GHz,,2.5 GHz,10 rdzeni,Nie,Socket 1700,2543,,
"Procesor Intel Core i5-13500, 2.5 GHz, 24 MB, BOX (BX8071513500)",1 079 zł,https://images.morele.net/i256/12462058_0_i256.jpg,Intel,Core i5-13500,2.5 GHz,BX8071513500,2.5 GHz,14 rdzeni,Nie,Socket 1700,32318,,
"Procesor Intel Core i7-12700KF, 3.6 GHz, 25 MB, BOX (BX8071512700KF)","1 046,67 zł",https://images.morele.net/i256/5949744_0_i256.jpg,Intel,Core i7-12700KF,3.6 GHz,BX8071512700KF,3.6 GHz,12 rdzeni,Tak,Socket 1700,34461,,1046.67
"Procesor Intel Core i7-12700K, 3.6 GHz, 25 MB, BOX (BX8071512700K)","1 161,46 zł",https://images.morele.net/i256/5949747_0_i256.jpg,Intel,Core i7-12700K,3.6 GHz,BX8071512700K,3.6 GHz,12 rdzeni,Tak,Socket 1700,34713,,1161.46
"Procesor Intel Core i5-11400, 2.6 GHz, 12 MB, BOX (BX8070811400)","863,77 zł",https://images.morele.net/i256/7732026_0_i256.jpg,Intel,Core i5-11400,2.6 GHz,BX8070811400,2.6 GHz,6 rdzeni,Nie,Socket 1200 (Rocket Lake),17103,,863.77
"Procesor Intel Core i3-10105F, 3.7 GHz, 6 MB, BOX (BX8070110105F)","317,83 zł",https://images.morele.net/i256/7732036_3_i256.jpg,Intel,Core i3-10105F,3.7 GHz,BX8070110105F,3.7 GHz,4 rdzenie,Nie,Socket 1200,9008,,317.83
"Procesor AMD Ryzen 7 7700X, 4.5 GHz, 32 MB, BOX (100-100000591WOF)","1 234,64 zł",https://images.morele.net/i256/11788490_4_i256.jpg,AMD,Ryzen 7 7700X,4.5 GHz,100-100000591WOF,4.5 GHz,8 rdzeni,Tak,Socket AM5,36159,,1234.64
"Procesor Intel Core i3-10100, 3.6 GHz, 6 MB, BOX (BX8070110100)","423,78 zł",https://images.morele.net/i256/6731011_1_i256.jpg,Intel,Core i3-10100,3.6 GHz,BX8070110100,3.6 GHz,4 rdzenie,Nie,Socket 1200,8689,,423.78
"Procesor Intel Core i7-14700KF, 3.4 GHz, 33 MB, BOX (BX8071514700KF)",1 399 zł,https://images.morele.net/i256/13123070_0_i256.jpg,Intel,Core i7-14700KF,3.4 GHz,BX8071514700KF,3.4 GHz,20 rdzeni,Tak,Socket 1700,53464,,
"Procesor AMD Ryzen 5 5600X, 3.7 GHz, 32 MB, OEM (100-000000065)",439 zł,https://images.morele.net/i256/7267027_0_i256.jpg,AMD,Ryzen 5 5600X,3.7 GHz,100-000000065,3.7 GHz,6 rdzeni,Tak,Socket AM4,21926,,
"Procesor AMD Ryzen 5 4500, 3.6 GHz, 8 MB, BOX (100-100000644BOX)",249 zł,https://images.morele.net/i256/10120237_0_i256.jpg,AMD,Ryzen 5 4500,3.6 GHz,100-100000644BOX,3.6 GHz,6 rdzeni,Nie,Socket AM4,16183,,
"Procesor AMD Ryzen 9 7950X3D, 4.2 GHz, 128 MB, BOX (100-100000908WOF)","3 974,99 zł",https://images.morele.net/i256/12668823_0_i256.jpg,AMD,Ryzen 9 7950X3D,4.2 GHz,100-100000908WOF,4.2 GHz,16 rdzeni,Tak,Socket AM5,62567,,3974.99
"Procesor AMD Ryzen 7 5700X, 3.4 GHz, 32 MB, OEM (100-000000926)","518,79 zł",https://images.morele.net/i256/10120246_0_i256.jpg,AMD,Ryzen 7 5700X,3.4 GHz,100-000000926,3.4 GHz,8 rdzeni,Tak,Socket AM4,26749,,518.79
"Procesor Intel Core i9-12900K, 3.2 GHz, 30 MB, BOX (BX8071512900K)","1 787,55 zł",https://images.morele.net/i256/5949745_0_i256.jpg,Intel,Core i9-12900K,3.2 GHz,BX8071512900K,3.2 GHz,16 rdzeni,Tak,Socket 1700,41403,,1787.55
"Procesor Intel Core i5-12400, 2.5 GHz, 18 MB, BOX (BX8071512400)","599,99 zł",https://images.morele.net/i256/9643269_1_i256.jpg,Intel,Core i5-12400,2.5 GHz,BX8071512400,2.5 GHz,6 rdzeni,Nie,Socket 1700,19456,Pozostałe,599.99
"Procesor Intel Core i5-12400F, 2.5 GHz, 18 MB, OEM (CM8071504650609)","448,83 zł",https://images.morele.net/i256/9914280_0_i256.jpg,Intel,Core i5-12400F,2.5 GHz,CM8071504650609,2.5 GHz,6 rdzeni,Nie,Socket 1700,19588,,448.83
"Procesor Intel Core i5-14400F, 2.5 GHz, 20 MB, BOX (BX8071514400F)",569 zł,https://images.morele.net/i256/13155885_0_i256.jpg,Intel,Core i5-14400F,2.5 GHz,BX8071514400F,2.5 GHz,10 rdzeni,Nie,Socket 1700,25548,,
"Procesor AMD Ryzen 7 5700X3D, 3 GHz, 96 MB, BOX (100-100001503WOF)",1 049 zł,https://images.morele.net/i256/13170053_0_i256.jpg,AMD,Ryzen 7 5700X3D,3 GHz,100-100001503WOF,3 GHz,8 rdzeni,Tak,Socket AM4,26526,,
"Procesor AMD Ryzen 5 3600, 3.6 GHz, 32 MB, BOX (100-100000031SBX)",269 zł,https://images.morele.net/i256/13261587_1_i256.jpg,AMD,Ryzen 5 3600,3.6 GHz,100-100000031SBX,3.6 GHz,6 rdzeni,Tak,Socket AM4,17779,,
"Procesor AMD Ryzen 5 8400F, 4.2 GHz, 16 MB, OEM (100-000001591)","438,78 zł",https://images.morele.net/i256/13467338_0_i256.jpg,AMD,Ryzen 5 8400F,4.2 GHz,100-000001591,4.2 GHz,6 rdzeni,Tak,Socket AM5,24375,,438.78
"Procesor Intel Core i9-13900KF, 3 GHz, 36 MB, BOX (BX8071513900KF)","2 411,94 zł",https://images.morele.net/i256/11789723_0_i256.jpg,Intel,Core i9-13900KF,3 GHz,BX8071513900KF,3 GHz,24 rdzenie,Tak,Socket 1700,58829,,2411.94
"Procesor Intel Core i3-12100, 3.3 GHz, 12 MB, BOX (BX8071512100)",469 zł,https://images.morele.net/i256/9643521_0_i256.jpg,Intel,Core i3-12100,3.3 GHz,BX8071512100,3.3 GHz,4 rdzenie,Nie,Socket 1700,13497,Procesor,
"Procesor Intel Core i9-14900KF, 3.2 GHz, 36 MB, BOX (BX8071514900KF)","1 828,44 zł",https://images.morele.net/i256/13123068_0_i256.jpg,Intel,Core i9-14900KF,3.2 GHz,BX8071514900KF,3.2 GHz,24 rdzenie,Tak,Socket 1700,61093,,1828.44
"Procesor Intel Core i5-14600K, 3.5 GHz, 24 MB, BOX (BX8071514600K)",949 zł,https://images.morele.net/i256/13123071_0_i256.jpg,Intel,Core i5-14600K,3.5 GHz,BX8071514600K,3.5 GHz,14 rdzeni,Tak,Socket 1700,39732,,
"Procesor Intel Core i3-10105, 3.7 GHz, 6 MB, BOX (BX8070110105)","411,71 zł",https://images.morele.net/i256/7732035_3_i256.jpg,Intel,Core i3-10105,3.7 GHz,BX8070110105,3.7 GHz,4 rdzenie,Nie,Socket 1200,8647,,411.71
"Procesor Intel Core i3-13100F, 3.4 GHz, 12 MB, BOX (BX8071513100F)",339 zł,https://images.morele.net/i256/12462057_1_i256.jpg,Intel,Core i3-13100F,3.4 GHz,BX8071513100F,3.4 GHz,4 rdzenie,Nie,Socket 1700,14643,,
"Procesor Intel Core i5-12400, 2.5 GHz, 18 MB, OEM (CM8071504650608)","574,84 zł",https://images.morele.net/i256/9893331_0_i256.jpg,Intel,Core i5-12400,2.5 GHz,CM8071504650608,2.5 GHz,6 rdzeni,Nie,Socket 1700,19456,,574.84
"Procesor Intel Core i9-12900KF, 3.2 GHz, 30 MB, BOX (BX8071512900KF)","1 340,75 zł",https://images.morele.net/i256/9502211_1_i256.jpg,Intel,Core i9-12900KF,3.2 GHz,BX8071512900KF,3.2 GHz,16 rdzeni,Tak,Socket 1700,41245,,1340.75
"Procesor AMD Ryzen 5 9600X, 3.9 GHz, 32 MB, BOX (100-100001405WOF)","940,89 zł",https://images.morele.net/i256/13331760_0_i256.jpg,AMD,Ryzen 5 9600X,3.9 GHz,100-100001405WOF,3.9 GHz,6 rdzeni,Tak,Socket AM5,30089,,940.89
"Procesor AMD Ryzen 5 8500G, 3.5 GHz, 16 MB, BOX (100-100000931BOX)",629 zł,https://images.morele.net/i256/13170046_0_i256.jpg,AMD,Ryzen 5 8500G,3.5 GHz,100-100000931BOX,3.5 GHz,6 rdzeni,Tak,Socket AM5,21807,,
"Procesor Intel Celeron G5905, 3.5 GHz, 4 MB, BOX (BX80701G5905 99A6MR)","238,87 zł",https://images.morele.net/i256/7070053_0_i256.jpg,Intel,Celeron G5905,3.5 GHz,BX80701G5905 99A6MR,3.5 GHz,2 rdzenie,Nie,Socket 1200,2809,,238.87
"Procesor Intel Core i5-12400F, 2.5 GHz, 18 MB, BOX (BX8071512400F)",469 zł,https://images.morele.net/i256/9643517_4_i256.jpg,Intel,Core i5-12400F,2.5 GHz,BX8071512400F,2.5 GHz,6 rdzeni,Nie,Socket 1700,19588,,
"Procesor Intel Core i7-14700K, 3.4 GHz, 33 MB, BOX (BX8071514700K)",1 499 zł,https://images.morele.net/i256/13123069_0_i256.jpg,Intel,Core i7-14700K,3.4 GHz,BX8071514700K,3.4 GHz,20 rdzeni,Tak,Socket 1700,53237,,
"Procesor Intel Core i9-14900K, 3.2 GHz, 36 MB, BOX (BX8071514900K)","2 081,81 zł",https://images.morele.net/i256/13123067_0_i256.jpg,Intel,Core i9-14900K,3.2 GHz,BX8071514900K,3.2 GHz,24 rdzenie,Tak,Socket 1700,61357,,2081.81
"Procesor Intel Core i5-13600K, 3.5 GHz, 24 MB, BOX (BX8071513600K)","1 332,35 zł",https://images.morele.net/i256/11789603_0_i256.jpg,Intel,Core i5-13600K,3.5 GHz,BX8071513600K,3.5 GHz,14 rdzeni,Tak,Socket 1700,38278,,1332.35
"Procesor AMD Ryzen 5 5600, 3.5 GHz, 32 MB, BOX (100-100000927BOX)","436,89 zł",https://images.morele.net/i256/10120243_0_i256.jpg,AMD,Ryzen 5 5600,3.5 GHz,100-100000927BOX,3.5 GHz,6 rdzeni,Tak,Socket AM4,21596,,436.89
"Procesor Intel Core i9-13900K, 3 GHz, 36 MB, BOX (BX8071513900K)","3 080,22 zł",https://images.morele.net/i256/11789699_0_i256.jpg,Intel,Core i9-13900K,3 GHz,BX8071513900K,3 GHz,24 rdzenie,Tak,Socket 1700,5953,,3080.22
"Procesor AMD Ryzen 5 5600G, 3.9 GHz, 16 MB, BOX (100-100000252BOX)","611,01 zł",https://images.morele.net/i256/8536079_0_i256.jpg,AMD,Ryzen 5 5600G,3.9 GHz,100-100000252BOX,3.9 GHz,6 rdzeni,Tak,Socket AM4,19903,,611.01
"Procesor Intel Core Ultra 5 245KF, 3.6 GHz, 24 MB, BOX (BX80768245KF)","1 299,99 zł",https://images.morele.net/i256/14201770_3_i256.jpg,Intel,Core Ultra 5 245KF,3.6 GHz,BX80768245KF,3.6 GHz,14 rdzeni,Tak,Socket 1851,42561,,1299.99
"Procesor AMD Ryzen 9 7950X, 4.5 GHz, 64 MB, BOX (100-100000514WOF)",2 099 zł,https://images.morele.net/i256/11788488_5_i256.jpg,AMD,Ryzen 9 7950X,4.5 GHz,100-100000514WOF,4.5 GHz,16 rdzeni,Tak,Socket AM5,63187,,
"Procesor AMD Ryzen 3 3200G, 3.6 GHz, 4 MB, BOX (YD3200C5FHBOX)","240,64 zł",https://images.morele.net/i256/5938601_0_i256.jpg,AMD,Ryzen 3 3200G,3.6 GHz,YD3200C5FHBOX,3.6 GHz,4 rdzenie,Tak,Socket AM4,7153,,240.64
"Procesor AMD Ryzen 5 5600X, 3.7 GHz, 32 MB, BOX (100-100000065BOX)","538,28 zł",https://images.morele.net/i256/7267026_0_i256.jpg,AMD,Ryzen 5 5600X,3.7 GHz,100-100000065BOX,3.7 GHz,6 rdzeni,Tak,Socket AM4,21926,,538.28
"Procesor Intel Core i5-10400F, 2.9 GHz, 12 MB, BOX (BX8070110400F)",429 zł,https://images.morele.net/i256/6731007_2_i256.jpg,Intel,Core i5-10400F,2.9 GHz,BX8070110400F,2.9 GHz,6 rdzeni,Nie,Socket 1200,12208,,
"Procesor AMD Ryzen 7 5700G, 3.8 GHz, 16 MB, BOX (100-100000263BOX)",649 zł,https://images.morele.net/i256/8536076_0_i256.jpg,AMD,Ryzen 7 5700G,3.8 GHz,100-100000263BOX,3.8 GHz,8 rdzeni,Tak,Socket AM4,24654,Pozostałe,
"Procesor Intel Core i9-13900F, 2 GHz, 36 MB, BOX (BX8071513900F)","2 844,74 zł",https://images.morele.net/i256/12486212_0_i256.jpg,Intel,Core i9-13900F,2 GHz,BX8071513900F,2 GHz,24 rdzenie,Nie,Socket 1700,52505,,2844.74
"Procesor AMD Ryzen 7 5800X, 3.8 GHz, 32 MB, BOX (100-100000063WOF)",672 zł,https://images.morele.net/i256/7267024_0_i256.jpg,AMD,Ryzen 7 5800X,3.8 GHz,100-100000063WOF,3.8 GHz,8 rdzeni,Tak,Socket AM4,27857,,
"Procesor AMD Ryzen 7 7800X3D, 4.2 GHz, 96 MB, BOX (100-100000910WOF)",1 799 zł,https://images.morele.net/i256/12668825_0_i256.jpg,AMD,Ryzen 7 7800X3D,4.2 GHz,100-100000910WOF,4.2 GHz,8 rdzeni,Tak,Socket AM5,34243,,
"Procesor AMD Ryzen 5 7500F, 3.7 GHz, 32 MB, OEM (100-000000597)","661,67 zł",https://images.morele.net/i256/13113437_1_i256.jpg,AMD,Ryzen 5 7500F,3.7 GHz,100-000000597,3.7 GHz,6 rdzeni,Tak,Socket AM5,26993,,661.67
"Procesor AMD Ryzen 5 5600, 3.5 GHz, 32 MB, OEM (100-000000927)","370,48 zł",https://images.morele.net/i256/10120244_1_i256.jpg,AMD,Ryzen 5 5600,3.5 GHz,100-000000927,3.5 GHz,6 rdzeni,Tak,Socket AM4,21596,,370.48
"Procesor Intel Core i3-12100F, 3.3 GHz, 12 MB, BOX (BX8071512100F)",329 zł,https://images.morele.net/i256/9643936_1_i256.jpg,Intel,Core i3-12100F,3.3 GHz,BX8071512100F,3.3 GHz,4 rdzenie,Nie,Socket 1700,14207,,
"Procesor AMD Ryzen 5 5500, 3.6 GHz, 16 MB, BOX (100-100000457BOX)",327 zł,https://images.morele.net/i256/10120240_0_i256.jpg,AMD,Ryzen 5 5500,3.6 GHz,100-100000457BOX,3.6 GHz,6 rdzeni,Tak,Socket AM4,19525,,
"Procesor AMD Ryzen 9 5900X, 3.7 GHz, 64 MB, BOX (100-100000061WOF)","1 087,33 zł",https://images.morele.net/i256/7267022_0_i256.jpg,AMD,Ryzen 9 5900X,3.7 GHz,100-100000061WOF,3.7 GHz,12 rdzeni,Tak,Socket AM4,39224,,1087.33
"Procesor AMD Ryzen 7 5700X, 3.4 GHz, 32 MB, BOX (100-100000926WOF)","645,04 zł",https://images.morele.net/i256/10120245_0_i256.jpg,AMD,Ryzen 7 5700X,3.4 GHz,100-100000926WOF,3.4 GHz,8 rdzeni,Tak,Socket AM4,26749,Pozostałe,645.04
"Procesor AMD Ryzen 5 7600, 3.8 GHz, 32 MB, BOX (100-100001015BOX)",869 zł,https://images.morele.net/i256/12491803_0_i256.jpg,AMD,Ryzen 5 7600,3.8 GHz,100-100001015BOX,3.8 GHz,6 rdzeni,Tak,Socket AM5,27474,,
"Procesor AMD Ryzen 5 7600X, 4.7 GHz, 32 MB, BOX (100-100000593WOF)",829 zł,https://images.morele.net/i256/11788491_5_i256.jpg,AMD,Ryzen 5 7600X,4.7 GHz,100-100000593WOF,4.7 GHz,6 rdzeni,Tak,Socket AM5,28703,Pozostałe,
"Procesor AMD Ryzen 5 3500X, 3.6 GHz, 32 MB, BOX (100-100000158BOX)","14 180,70 zł",https://images.morele.net/i256/5944068_0_i256.jpg,AMD,Ryzen 5 3500X,3.6 GHz,100-100000158BOX,3.6 GHz,6 rdzeni,Tak,Socket AM4,13201,,14180.7
"Procesor Intel Core i5-10400, 2.9 GHz, 12 MB, BOX (BX8070110400)",589 zł,https://images.morele.net/i256/6731008_1_i256.jpeg,Intel,Core i5-10400,2.9 GHz,BX8070110400,2.9 GHz,6 rdzeni,Nie,Socket 1200,12169,,
"Procesor Intel Core i5-12600K, 3.7 GHz, 20 MB, BOX (BX8071512600K)",799 zł,https://images.morele.net/i256/5949746_0_i256.jpg,Intel,Core i5-12600K,3.7 GHz,BX8071512600K,3.7 GHz,10 rdzeni,Tak,Socket 1700,27792,,
"Procesor Intel Core i5-14600KF, 3.5 GHz, 24 MB, BOX (BX8071514600KF)",979 zł,https://images.morele.net/i256/13123072_0_i256.jpg,Intel,Core i5-14600KF,3.5 GHz,BX8071514600KF,3.5 GHz,14 rdzeni,Tak,Socket 1700,38894,,
"Procesor Intel Core i5-13400F, 2.5 GHz, 20 MB, BOX (BX8071513400F)",569 zł,https://images.morele.net/i256/12486214_0_i256.jpg,Intel,Core i5-13400F,2.5 GHz,BX8071513400F,2.5 GHz,10 rdzeni,Nie,Socket 1700,2543,,
"Procesor AMD Ryzen 5 3400G, 3.7 GHz, 4 MB, BOX (YD3400C5FHBOX)","267,96 zł",https://images.morele.net/i256/5938600_0_i256.jpg,AMD,Ryzen 5 3400G,3.7 GHz,YD3400C5FHBOX,3.7 GHz,4 rdzenie,Tak,Socket AM4,9284,,267.96
